,aac,bwt,fwt,afm,n_tasks,dataset,algo,datetime,dataset_name,agent_name,lr,batch_size,hidden_dim,nepoch,reg_coef,subset_size
55,61.53000000000001,-15.978947368421053,-1.105263157894737,16.757894736842108,20,gs_split-cifar100,EWC,2020-11-22-04-41-0,gs_split-cifar100,EWC,0.1,32,100,50,1.0,
61,60.94,-11.25263157894737,0.23157894736842097,15.494736842105265,20,gs_split-cifar100,EWC,2020-11-22-04-41-0,gs_split-cifar100,EWC,0.1,64,100,50,1.0,
47,57.80999999999999,-20.947368421052634,0.46315789473684205,21.15789473684211,20,gs_split-cifar100,EWC,2020-11-22-04-41-0,gs_split-cifar100,EWC,0.01,256,100,50,1.0,
19,57.480000000000004,-18.452631578947365,1.389473684210526,18.57894736842105,20,gs_split-cifar100,EWC,2020-11-22-04-41-0,gs_split-cifar100,EWC,0.001,32,100,50,10.0,
37,57.44000000000001,-23.30526315789474,0.5894736842105264,24.68421052631579,20,gs_split-cifar100,EWC,2020-11-22-04-41-0,gs_split-cifar100,EWC,0.01,32,100,50,1.0,
41,56.23,-18.115789473684213,0.1578947368421047,21.915789473684214,20,gs_split-cifar100,EWC,2020-11-22-04-41-0,gs_split-cifar100,EWC,0.01,64,100,50,0.1,
49,55.83,-26.252631578947373,0.44210526315789467,26.252631578947373,20,gs_split-cifar100,EWC,2020-11-22-04-41-0,gs_split-cifar100,EWC,0.01,256,100,50,0.1,
26,55.529999999999994,-18.76842105263158,1.7157894736842099,18.8,20,gs_split-cifar100,EWC,2020-11-22-04-41-0,gs_split-cifar100,EWC,0.001,64,100,50,10.0,
54,54.80999999999999,-27.41052631578948,0.24210526315789463,27.41052631578948,20,gs_split-cifar100,EWC,2020-11-22-04-41-0,gs_split-cifar100,EWC,0.1,32,100,50,0.1,
60,54.669999999999995,-13.631578947368421,-0.10526315789473703,19.852631578947364,20,gs_split-cifar100,EWC,2020-11-22-04-41-0,gs_split-cifar100,EWC,0.1,64,100,50,0.1,
67,54.45,-29.084210526315786,0.5894736842105258,29.084210526315786,20,gs_split-cifar100,EWC,2020-11-22-04-41-0,gs_split-cifar100,EWC,0.1,256,100,50,1.0,
25,53.74000000000001,-20.221052631578942,1.4842105263157892,20.86315789473684,20,gs_split-cifar100,EWC,2020-11-22-04-41-0,gs_split-cifar100,EWC,0.001,64,100,50,1.0,
24,53.69,-21.031578947368423,1.4105263157894736,22.157894736842106,20,gs_split-cifar100,EWC,2020-11-22-04-41-0,gs_split-cifar100,EWC,0.001,64,100,50,0.1,
21,52.19000000000001,-24.978947368421053,0.9368421052631577,25.178947368421053,20,gs_split-cifar100,EWC,2020-11-22-04-41-0,gs_split-cifar100,EWC,0.001,32,100,50,1.0,
31,51.46,-19.747368421052634,0.8421052631578947,19.810526315789474,20,gs_split-cifar100,EWC,2020-11-22-04-41-0,gs_split-cifar100,EWC,0.001,256,100,50,1.0,
65,51.160000000000004,-33.8421052631579,0.568421052631579,33.8421052631579,20,gs_split-cifar100,EWC,2020-11-22-04-41-0,gs_split-cifar100,EWC,0.1,256,100,50,0.1,
40,48.879999999999995,-32.8421052631579,0.16842105263157853,33.25263157894737,20,gs_split-cifar100,EWC,2020-11-22-04-41-0,gs_split-cifar100,EWC,0.01,32,100,50,0.1,
30,48.699999999999996,-23.589473684210525,1.2315789473684209,23.599999999999998,20,gs_split-cifar100,EWC,2020-11-22-04-41-0,gs_split-cifar100,EWC,0.001,256,100,50,0.1,
32,48.260000000000005,-20.56842105263158,1.0631578947368419,20.56842105263158,20,gs_split-cifar100,EWC,2020-11-22-04-41-0,gs_split-cifar100,EWC,0.001,256,100,50,10.0,
22,43.1,-37.55789473684211,1.5052631578947369,37.55789473684211,20,gs_split-cifar100,EWC,2020-11-22-04-41-0,gs_split-cifar100,EWC,0.001,32,100,50,0.1,
36,41.93000000000001,-27.72631578947368,-0.03157894736842113,32.3578947368421,20,gs_split-cifar100,EWC,2020-11-22-04-41-0,gs_split-cifar100,EWC,0.01,32,100,50,10.0,
11,31.630000000000003,-10.873684210526317,-0.2421052631578949,11.326315789473684,20,gs_split-cifar100,EWC,2020-11-22-04-41-0,gs_split-cifar100,EWC,1e-05,32,100,50,0.1,
16,31.550000000000004,-10.926315789473685,-0.25263157894736815,11.347368421052632,20,gs_split-cifar100,EWC,2020-11-22-04-41-0,gs_split-cifar100,EWC,1e-05,32,100,50,1.0,
2,30.410000000000004,-12.000000000000004,-0.11578947368421068,12.052631578947372,20,gs_split-cifar100,EWC,2020-11-22-04-41-0,gs_split-cifar100,EWC,1e-05,32,100,50,10.0,
42,30.400000000000006,-41.50526315789474,1.3684210526315785,46.57894736842106,20,gs_split-cifar100,EWC,2020-11-22-04-41-0,gs_split-cifar100,EWC,0.01,64,100,50,1.0,
15,27.810000000000002,-5.14736842105263,-0.5052631578947376,5.778947368421053,20,gs_split-cifar100,EWC,2020-11-22-04-41-0,gs_split-cifar100,EWC,1e-05,64,100,50,0.1,
8,27.72,-5.221052631578947,-0.5052631578947375,5.8421052631578965,20,gs_split-cifar100,EWC,2020-11-22-04-41-0,gs_split-cifar100,EWC,1e-05,64,100,50,1.0,
1,26.890000000000004,-5.9684210526315775,-0.3473684210526322,6.221052631578947,20,gs_split-cifar100,EWC,2020-11-22-04-41-0,gs_split-cifar100,EWC,1e-05,64,100,50,10.0,
5,26.3,-15.052631578947372,-0.07368421052631619,15.052631578947372,20,gs_split-cifar100,EWC,2020-11-22-04-41-0,gs_split-cifar100,EWC,1e-05,32,100,50,100.0,
10,23.419999999999998,-8.263157894736842,-0.31578947368421073,8.326315789473684,20,gs_split-cifar100,EWC,2020-11-22-04-41-0,gs_split-cifar100,EWC,1e-05,64,100,50,100.0,
4,22.6,-7.7368421052631575,-0.20000000000000032,7.7894736842105265,20,gs_split-cifar100,EWC,2020-11-22-04-41-0,gs_split-cifar100,EWC,1e-05,32,100,50,1000.0,
14,21.62,-0.24210526315789463,-0.6105263157894735,1.5473684210526315,20,gs_split-cifar100,EWC,2020-11-22-04-41-0,gs_split-cifar100,EWC,1e-05,256,100,50,0.1,
9,21.61,-0.2631578947368419,-0.5999999999999999,1.5052631578947369,20,gs_split-cifar100,EWC,2020-11-22-04-41-0,gs_split-cifar100,EWC,1e-05,256,100,50,1.0,
13,21.269999999999996,-0.5157894736842108,-0.5578947368421053,1.5473684210526322,20,gs_split-cifar100,EWC,2020-11-22-04-41-0,gs_split-cifar100,EWC,1e-05,256,100,50,10.0,
12,21.04,-3.357894736842104,-0.6947368421052635,3.494736842105262,20,gs_split-cifar100,EWC,2020-11-22-04-41-0,gs_split-cifar100,EWC,1e-05,64,100,50,1000.0,
3,21.02,-1.0000000000000002,-0.5894736842105265,1.673684210526316,20,gs_split-cifar100,EWC,2020-11-22-04-41-0,gs_split-cifar100,EWC,1e-05,32,100,50,10000.0,
7,20.189999999999998,-0.11578947368421086,-0.8105263157894738,1.0947368421052635,20,gs_split-cifar100,EWC,2020-11-22-04-41-0,gs_split-cifar100,EWC,1e-05,64,100,50,10000.0,
70,20.0,-3.1578947368421053,0.8736842105263157,5.505263157894737,20,gs_split-cifar100,EWC,2020-11-22-04-41-0,gs_split-cifar100,EWC,0.1,256,100,50,10000.0,
56,20.0,-7.231578947368422,0.4210526315789472,9.25263157894737,20,gs_split-cifar100,EWC,2020-11-22-04-41-0,gs_split-cifar100,EWC,0.1,32,100,50,100.0,
57,20.0,-10.610526315789473,0.8210526315789473,13.452631578947367,20,gs_split-cifar100,EWC,2020-11-22-04-41-0,gs_split-cifar100,EWC,0.1,32,100,50,1000.0,
53,20.0,-8.873684210526315,0.8526315789473682,10.715789473684211,20,gs_split-cifar100,EWC,2020-11-22-04-41-0,gs_split-cifar100,EWC,0.01,256,100,50,10.0,
68,20.0,-9.210526315789474,0.9368421052631577,11.452631578947368,20,gs_split-cifar100,EWC,2020-11-22-04-41-0,gs_split-cifar100,EWC,0.1,256,100,50,10.0,
58,20.0,-6.105263157894737,0.8421052631578947,7.48421052631579,20,gs_split-cifar100,EWC,2020-11-22-04-41-0,gs_split-cifar100,EWC,0.1,32,100,50,10000.0,
59,20.0,-15.831578947368422,0.49473684210526325,19.410526315789472,20,gs_split-cifar100,EWC,2020-11-22-04-41-0,gs_split-cifar100,EWC,0.1,32,100,50,10.0,
69,20.0,-3.189473684210526,0.8736842105263157,5.073684210526316,20,gs_split-cifar100,EWC,2020-11-22-04-41-0,gs_split-cifar100,EWC,0.1,256,100,50,100.0,
62,20.0,-12.505263157894737,0.6842105263157893,16.873684210526314,20,gs_split-cifar100,EWC,2020-11-22-04-41-0,gs_split-cifar100,EWC,0.1,64,100,50,10.0,
63,20.0,-8.25263157894737,0.6105263157894736,11.221052631578948,20,gs_split-cifar100,EWC,2020-11-22-04-41-0,gs_split-cifar100,EWC,0.1,64,100,50,100.0,
64,20.0,-3.1473684210526316,0.726315789473684,5.431578947368421,20,gs_split-cifar100,EWC,2020-11-22-04-41-0,gs_split-cifar100,EWC,0.1,64,100,50,1000.0,
51,20.0,-2.9894736842105263,0.6210526315789472,3.6947368421052627,20,gs_split-cifar100,EWC,2020-11-22-04-41-0,gs_split-cifar100,EWC,0.01,256,100,50,1000.0,
66,20.0,-3.1999999999999997,0.8736842105263157,3.7999999999999994,20,gs_split-cifar100,EWC,2020-11-22-04-41-0,gs_split-cifar100,EWC,0.1,64,100,50,10000.0,
52,20.0,-3.0105263157894737,0.5789473684210525,3.6947368421052627,20,gs_split-cifar100,EWC,2020-11-22-04-41-0,gs_split-cifar100,EWC,0.01,256,100,50,100.0,
71,20.0,-3.1052631578947367,0.7894736842105261,4.705263157894737,20,gs_split-cifar100,EWC,2020-11-22-04-41-0,gs_split-cifar100,EWC,0.1,256,100,50,1000.0,
50,20.0,-3.0,0.6210526315789472,3.694736842105264,20,gs_split-cifar100,EWC,2020-11-22-04-41-0,gs_split-cifar100,EWC,0.01,256,100,50,10000.0,
48,20.0,-3.0526315789473686,0.5578947368421051,4.063157894736843,20,gs_split-cifar100,EWC,2020-11-22-04-41-0,gs_split-cifar100,EWC,0.01,64,100,50,10000.0,
17,20.0,0.41052631578947363,-0.21052631578947367,1.4105263157894736,20,gs_split-cifar100,EWC,2020-11-22-04-41-0,gs_split-cifar100,EWC,1e-05,256,100,50,10000.0,
18,20.0,-3.021052631578948,0.7368421052631577,3.5578947368421057,20,gs_split-cifar100,EWC,2020-11-22-04-41-0,gs_split-cifar100,EWC,0.001,32,100,50,1000.0,
20,20.0,-14.526315789473685,0.8947368421052629,16.684210526315788,20,gs_split-cifar100,EWC,2020-11-22-04-41-0,gs_split-cifar100,EWC,0.001,32,100,50,100.0,
23,20.0,-3.021052631578948,0.726315789473684,3.547368421052633,20,gs_split-cifar100,EWC,2020-11-22-04-41-0,gs_split-cifar100,EWC,0.001,32,100,50,10000.0,
27,20.0,-10.705263157894738,0.6842105263157895,12.326315789473686,20,gs_split-cifar100,EWC,2020-11-22-04-41-0,gs_split-cifar100,EWC,0.001,64,100,50,100.0,
28,20.0,-2.8526315789473684,0.6947368421052631,3.3894736842105266,20,gs_split-cifar100,EWC,2020-11-22-04-41-0,gs_split-cifar100,EWC,0.001,64,100,50,1000.0,
29,20.0,-2.8526315789473684,0.6947368421052631,3.357894736842105,20,gs_split-cifar100,EWC,2020-11-22-04-41-0,gs_split-cifar100,EWC,0.001,64,100,50,10000.0,
33,20.0,-2.3157894736842106,0.8210526315789473,3.28421052631579,20,gs_split-cifar100,EWC,2020-11-22-04-41-0,gs_split-cifar100,EWC,0.001,256,100,50,10000.0,
34,20.0,-8.852631578947367,0.7263157894736842,10.789473684210526,20,gs_split-cifar100,EWC,2020-11-22-04-41-0,gs_split-cifar100,EWC,0.001,256,100,50,100.0,
35,20.0,-2.3157894736842106,0.8210526315789473,3.28421052631579,20,gs_split-cifar100,EWC,2020-11-22-04-41-0,gs_split-cifar100,EWC,0.001,256,100,50,1000.0,
38,20.0,-8.284210526315789,0.9684210526315788,11.263157894736844,20,gs_split-cifar100,EWC,2020-11-22-04-41-0,gs_split-cifar100,EWC,0.01,32,100,50,1000.0,
39,20.0,-8.91578947368421,0.6842105263157893,11.336842105263157,20,gs_split-cifar100,EWC,2020-11-22-04-41-0,gs_split-cifar100,EWC,0.01,32,100,50,100.0,
43,20.0,-24.757894736842108,0.35789473684210493,31.97894736842106,20,gs_split-cifar100,EWC,2020-11-22-04-41-0,gs_split-cifar100,EWC,0.01,64,100,50,10.0,
44,20.0,-6.031578947368421,0.3473684210526314,8.6,20,gs_split-cifar100,EWC,2020-11-22-04-41-0,gs_split-cifar100,EWC,0.01,32,100,50,10000.0,
45,20.0,-7.852631578947368,0.8421052631578947,10.49473684210526,20,gs_split-cifar100,EWC,2020-11-22-04-41-0,gs_split-cifar100,EWC,0.01,64,100,50,100.0,
46,20.0,-3.0842105263157893,0.5789473684210525,4.347368421052631,20,gs_split-cifar100,EWC,2020-11-22-04-41-0,gs_split-cifar100,EWC,0.01,64,100,50,1000.0,
6,19.940000000000005,-1.042105263157894,-0.6842105263157895,1.747368421052631,20,gs_split-cifar100,EWC,2020-11-22-04-41-0,gs_split-cifar100,EWC,1e-05,256,100,50,100.0,
0,19.430000000000003,-0.15789473684210537,-0.821052631578947,1.1894736842105262,20,gs_split-cifar100,EWC,2020-11-22-04-41-0,gs_split-cifar100,EWC,1e-05,256,100,50,1000.0,
49,70.32000000000001,-4.705263157894735,0.45263157894736833,6.2631578947368425,20,gs_split-cifar100,MAS,2020-11-22-04-41-0,gs_split-cifar100,MAS,0.01,256,100,50,1.0,
65,68.17000000000002,-5.800000000000001,0.9368421052631577,7.2631578947368425,20,gs_split-cifar100,MAS,2020-11-22-04-41-0,gs_split-cifar100,MAS,0.1,256,100,50,0.1,
48,66.15,-14.442105263157897,0.27368421052631586,14.505263157894738,20,gs_split-cifar100,MAS,2020-11-22-04-41-0,gs_split-cifar100,MAS,0.01,256,100,50,0.1,
20,65.09,-4.610526315789474,0.9157894736842108,5.978947368421053,20,gs_split-cifar100,MAS,2020-11-22-04-41-0,gs_split-cifar100,MAS,0.001,32,100,50,10.0,
26,64.35000000000001,-4.199999999999999,1.1789473684210525,5.315789473684208,20,gs_split-cifar100,MAS,2020-11-22-04-41-0,gs_split-cifar100,MAS,0.001,64,100,50,10.0,
19,61.54999999999999,-12.74736842105263,1.0,14.263157894736842,20,gs_split-cifar100,MAS,2020-11-22-04-41-0,gs_split-cifar100,MAS,0.001,32,100,50,1.0,
24,59.279999999999994,-13.578947368421053,1.4105263157894736,15.073684210526318,20,gs_split-cifar100,MAS,2020-11-22-04-41-0,gs_split-cifar100,MAS,0.001,64,100,50,1.0,
18,58.36,-20.22105263157895,0.3999999999999999,20.536842105263165,20,gs_split-cifar100,MAS,2020-11-22-04-41-0,gs_split-cifar100,MAS,0.001,32,100,50,0.1,
43,57.92999999999999,-2.6315789473684212,2.305263157894737,12.873684210526314,20,gs_split-cifar100,MAS,2020-11-22-04-41-0,gs_split-cifar100,MAS,0.01,64,100,50,0.1,
32,57.629999999999995,-9.305263157894734,0.4526315789473684,9.326315789473687,20,gs_split-cifar100,MAS,2020-11-22-04-41-0,gs_split-cifar100,MAS,0.001,256,100,50,10.0,
36,56.669999999999995,-5.578947368421051,1.4105263157894736,14.052631578947372,20,gs_split-cifar100,MAS,2020-11-22-04-41-0,gs_split-cifar100,MAS,0.01,32,100,50,0.1,
25,56.1,-20.231578947368423,1.3052631578947371,20.66315789473684,20,gs_split-cifar100,MAS,2020-11-22-04-41-0,gs_split-cifar100,MAS,0.001,64,100,50,0.1,
54,53.81999999999999,-8.084210526315792,0.768421052631579,10.694736842105266,20,gs_split-cifar100,MAS,2020-11-22-04-41-0,gs_split-cifar100,MAS,0.1,32,100,50,0.1,
35,53.43000000000001,-5.221052631578947,0.23157894736842097,5.43157894736842,20,gs_split-cifar100,MAS,2020-11-22-04-41-0,gs_split-cifar100,MAS,0.001,256,100,50,100.0,
39,53.330000000000005,-2.336842105263158,1.9578947368421051,8.821052631578949,20,gs_split-cifar100,MAS,2020-11-22-04-41-0,gs_split-cifar100,MAS,0.01,32,100,50,1.0,
28,53.06,-17.989473684210527,1.2,18.063157894736843,20,gs_split-cifar100,MAS,2020-11-22-04-41-0,gs_split-cifar100,MAS,0.001,256,100,50,1.0,
42,49.19,-3.273684210526318,0.3789473684210526,12.715789473684211,20,gs_split-cifar100,MAS,2020-11-22-04-41-0,gs_split-cifar100,MAS,0.01,64,100,50,1.0,
29,48.970000000000006,-22.978947368421053,1.4105263157894739,22.978947368421053,20,gs_split-cifar100,MAS,2020-11-22-04-41-0,gs_split-cifar100,MAS,0.001,256,100,50,0.1,
4,31.669999999999998,-10.578947368421053,-0.29473684210526285,11.010526315789473,20,gs_split-cifar100,MAS,2020-11-22-04-41-0,gs_split-cifar100,MAS,1e-05,32,100,50,10.0,
17,31.639999999999993,-10.842105263157897,-0.22105263157894742,11.305263157894743,20,gs_split-cifar100,MAS,2020-11-22-04-41-0,gs_split-cifar100,MAS,1e-05,32,100,50,0.1,
5,31.630000000000003,-10.821052631578949,-0.2421052631578947,11.273684210526318,20,gs_split-cifar100,MAS,2020-11-22-04-41-0,gs_split-cifar100,MAS,1e-05,32,100,50,1.0,
10,30.990000000000002,-9.210526315789474,-0.15789473684210525,9.389473684210529,20,gs_split-cifar100,MAS,2020-11-22-04-41-0,gs_split-cifar100,MAS,1e-05,32,100,50,100.0,
14,27.840000000000003,-5.126315789473683,-0.4842105263157902,5.747368421052633,20,gs_split-cifar100,MAS,2020-11-22-04-41-0,gs_split-cifar100,MAS,1e-05,64,100,50,0.1,
1,27.840000000000003,-5.010526315789473,-0.49473684210526364,5.684210526315789,20,gs_split-cifar100,MAS,2020-11-22-04-41-0,gs_split-cifar100,MAS,1e-05,64,100,50,10.0,
16,27.829999999999995,-5.11578947368421,-0.4631578947368429,5.736842105263158,20,gs_split-cifar100,MAS,2020-11-22-04-41-0,gs_split-cifar100,MAS,1e-05,64,100,50,1.0,
7,27.569999999999993,-4.663157894736844,-0.5473684210526321,5.2210526315789485,20,gs_split-cifar100,MAS,2020-11-22-04-41-0,gs_split-cifar100,MAS,1e-05,64,100,50,100.0,
12,27.22,-2.978947368421052,-0.21052631578947378,3.6947368421052627,20,gs_split-cifar100,MAS,2020-11-22-04-41-0,gs_split-cifar100,MAS,1e-05,32,100,50,1000.0,
0,24.990000000000002,-2.1368421052631574,-0.5368421052631582,3.1052631578947367,20,gs_split-cifar100,MAS,2020-11-22-04-41-0,gs_split-cifar100,MAS,1e-05,64,100,50,1000.0,
3,21.88,0.37894736842105275,-0.6,0.9789473684210526,20,gs_split-cifar100,MAS,2020-11-22-04-41-0,gs_split-cifar100,MAS,1e-05,32,100,50,10000.0,
9,21.590000000000003,-0.2315789473684206,-0.6105263157894735,1.5368421052631578,20,gs_split-cifar100,MAS,2020-11-22-04-41-0,gs_split-cifar100,MAS,1e-05,256,100,50,1.0,
15,21.580000000000005,-0.24210526315789443,-0.6105263157894735,1.5473684210526317,20,gs_split-cifar100,MAS,2020-11-22-04-41-0,gs_split-cifar100,MAS,1e-05,256,100,50,0.1,
11,21.580000000000005,-0.24210526315789463,-0.6105263157894735,1.5473684210526317,20,gs_split-cifar100,MAS,2020-11-22-04-41-0,gs_split-cifar100,MAS,1e-05,256,100,50,10.0,
8,21.580000000000002,-0.17894736842105255,-0.6526315789473681,1.442105263157895,20,gs_split-cifar100,MAS,2020-11-22-04-41-0,gs_split-cifar100,MAS,1e-05,256,100,50,100.0,
2,21.24,0.01052631578947374,-0.6947368421052631,1.1894736842105265,20,gs_split-cifar100,MAS,2020-11-22-04-41-0,gs_split-cifar100,MAS,1e-05,256,100,50,1000.0,
6,20.839999999999996,0.05263157894736908,-0.8947368421052629,1.263157894736842,20,gs_split-cifar100,MAS,2020-11-22-04-41-0,gs_split-cifar100,MAS,1e-05,64,100,50,10000.0,
60,20.0,-3.0842105263157893,0.4105263157894735,4.1157894736842096,20,gs_split-cifar100,MAS,2020-11-22-04-41-0,gs_split-cifar100,MAS,0.1,32,100,50,10000.0,
55,20.0,-3.094736842105263,0.8105263157894737,3.9157894736842107,20,gs_split-cifar100,MAS,2020-11-22-04-41-0,gs_split-cifar100,MAS,0.1,32,100,50,100.0,
56,20.0,-3.1052631578947367,0.6421052631578947,4.400000000000001,20,gs_split-cifar100,MAS,2020-11-22-04-41-0,gs_split-cifar100,MAS,0.1,32,100,50,1000.0,
57,20.0,-2.9894736842105263,0.7157894736842104,3.694736842105263,20,gs_split-cifar100,MAS,2020-11-22-04-41-0,gs_split-cifar100,MAS,0.1,32,100,50,1.0,
58,20.0,-3.1999999999999997,0.46315789473684194,4.621052631578948,20,gs_split-cifar100,MAS,2020-11-22-04-41-0,gs_split-cifar100,MAS,0.1,32,100,50,10.0,
59,20.0,-32.27368421052632,-0.431578947368421,34.705263157894734,20,gs_split-cifar100,MAS,2020-11-22-04-41-0,gs_split-cifar100,MAS,0.1,64,100,50,0.1,
27,20.0,-2.8526315789473684,0.7157894736842104,3.357894736842105,20,gs_split-cifar100,MAS,2020-11-22-04-41-0,gs_split-cifar100,MAS,0.001,64,100,50,10000.0,
53,20.0,-3.0,0.6421052631578947,3.6842105263157894,20,gs_split-cifar100,MAS,2020-11-22-04-41-0,gs_split-cifar100,MAS,0.01,256,100,50,10000.0,
62,20.0,-3.2315789473684213,0.5052631578947367,5.663157894736844,20,gs_split-cifar100,MAS,2020-11-22-04-41-0,gs_split-cifar100,MAS,0.1,64,100,50,10.0,
63,20.0,-2.884210526315789,0.6,5.094736842105262,20,gs_split-cifar100,MAS,2020-11-22-04-41-0,gs_split-cifar100,MAS,0.1,64,100,50,100.0,
64,20.0,-18.642105263157895,1.2736842105263158,21.663157894736845,20,gs_split-cifar100,MAS,2020-11-22-04-41-0,gs_split-cifar100,MAS,0.1,256,100,50,1.0,
66,20.0,-3.0421052631578944,0.6526315789473683,5.494736842105263,20,gs_split-cifar100,MAS,2020-11-22-04-41-0,gs_split-cifar100,MAS,0.1,64,100,50,1000.0,
67,20.0,-3.1473684210526316,0.9052631578947368,3.7578947368421054,20,gs_split-cifar100,MAS,2020-11-22-04-41-0,gs_split-cifar100,MAS,0.1,64,100,50,10000.0,
68,20.0,-3.189473684210526,0.9157894736842105,4.778947368421053,20,gs_split-cifar100,MAS,2020-11-22-04-41-0,gs_split-cifar100,MAS,0.1,256,100,50,10.0,
69,20.0,-3.1578947368421053,0.8105263157894737,4.326315789473685,20,gs_split-cifar100,MAS,2020-11-22-04-41-0,gs_split-cifar100,MAS,0.1,256,100,50,100.0,
70,20.0,-3.2526315789473683,0.6947368421052631,3.789473684210526,20,gs_split-cifar100,MAS,2020-11-22-04-41-0,gs_split-cifar100,MAS,0.1,256,100,50,10000.0,
61,20.0,-3.115789473684211,0.5263157894736841,4.294736842105263,20,gs_split-cifar100,MAS,2020-11-22-04-41-0,gs_split-cifar100,MAS,0.1,64,100,50,1.0,
50,20.0,-3.0,0.6421052631578947,3.663157894736842,20,gs_split-cifar100,MAS,2020-11-22-04-41-0,gs_split-cifar100,MAS,0.01,256,100,50,100.0,
52,20.0,-3.0105263157894737,0.5684210526315788,3.7052631578947373,20,gs_split-cifar100,MAS,2020-11-22-04-41-0,gs_split-cifar100,MAS,0.01,256,100,50,1000.0,
38,20.0,-3.0,0.48421052631578937,4.273684210526316,20,gs_split-cifar100,MAS,2020-11-22-04-41-0,gs_split-cifar100,MAS,0.01,32,100,50,100.0,
30,20.0,-24.400000000000002,0.3052631578947368,25.768421052631577,20,gs_split-cifar100,MAS,2020-11-22-04-41-0,gs_split-cifar100,MAS,0.001,64,100,50,100.0,
31,20.0,-2.8526315789473684,0.7052631578947368,3.3684210526315788,20,gs_split-cifar100,MAS,2020-11-22-04-41-0,gs_split-cifar100,MAS,0.001,64,100,50,1000.0,
22,20.0,-3.021052631578948,0.7052631578947368,3.5578947368421057,20,gs_split-cifar100,MAS,2020-11-22-04-41-0,gs_split-cifar100,MAS,0.001,32,100,50,1000.0,
33,20.0,-2.3157894736842106,0.8210526315789473,3.28421052631579,20,gs_split-cifar100,MAS,2020-11-22-04-41-0,gs_split-cifar100,MAS,0.001,256,100,50,10000.0,
34,20.0,-8.557894736842105,0.5368421052631579,10.105263157894735,20,gs_split-cifar100,MAS,2020-11-22-04-41-0,gs_split-cifar100,MAS,0.001,256,100,50,1000.0,
21,20.0,-3.021052631578948,0.6947368421052631,3.526315789473684,20,gs_split-cifar100,MAS,2020-11-22-04-41-0,gs_split-cifar100,MAS,0.001,32,100,50,100.0,
37,20.0,-3.0,0.48421052631578937,4.2631578947368425,20,gs_split-cifar100,MAS,2020-11-22-04-41-0,gs_split-cifar100,MAS,0.01,32,100,50,10.0,
71,20.0,-3.1578947368421053,0.7578947368421052,4.915789473684211,20,gs_split-cifar100,MAS,2020-11-22-04-41-0,gs_split-cifar100,MAS,0.1,256,100,50,1000.0,
51,20.0,-13.957894736842105,1.031578947368421,15.726315789473688,20,gs_split-cifar100,MAS,2020-11-22-04-41-0,gs_split-cifar100,MAS,0.01,256,100,50,10.0,
40,20.0,-3.0,0.46315789473684194,4.347368421052632,20,gs_split-cifar100,MAS,2020-11-22-04-41-0,gs_split-cifar100,MAS,0.01,32,100,50,10000.0,
41,20.0,-3.0,0.5578947368421051,4.378947368421055,20,gs_split-cifar100,MAS,2020-11-22-04-41-0,gs_split-cifar100,MAS,0.01,32,100,50,1000.0,
44,20.0,-3.0105263157894737,0.5684210526315788,4.136842105263159,20,gs_split-cifar100,MAS,2020-11-22-04-41-0,gs_split-cifar100,MAS,0.01,64,100,50,10.0,
45,20.0,-3.0315789473684207,0.5157894736842104,4.105263157894738,20,gs_split-cifar100,MAS,2020-11-22-04-41-0,gs_split-cifar100,MAS,0.01,64,100,50,1000.0,
46,20.0,-3.0315789473684207,0.5894736842105261,4.031578947368421,20,gs_split-cifar100,MAS,2020-11-22-04-41-0,gs_split-cifar100,MAS,0.01,64,100,50,10000.0,
47,20.0,-3.0421052631578944,0.6,4.126315789473683,20,gs_split-cifar100,MAS,2020-11-22-04-41-0,gs_split-cifar100,MAS,0.01,64,100,50,100.0,
23,20.0,-3.021052631578948,0.7157894736842104,3.5368421052631587,20,gs_split-cifar100,MAS,2020-11-22-04-41-0,gs_split-cifar100,MAS,0.001,32,100,50,10000.0,
13,19.71,0.1368421052631578,-0.8315789473684209,1.221052631578948,20,gs_split-cifar100,MAS,2020-11-22-04-41-0,gs_split-cifar100,MAS,1e-05,256,100,50,10000.0,
23,68.63999999999999,-7.25263157894737,1.3263157894736841,8.136842105263161,20,gs_split-cifar100,SI,2020-11-22-04-41-0,gs_split-cifar100,SI,0.001,32,100,50,10.0,
25,62.30999999999999,-14.021052631578952,1.5789473684210529,14.484210526315792,20,gs_split-cifar100,SI,2020-11-22-04-41-0,gs_split-cifar100,SI,0.001,64,100,50,10.0,
44,61.470000000000006,0.3052631578947363,1.5999999999999996,7.336842105263158,20,gs_split-cifar100,SI,2020-11-22-04-41-0,gs_split-cifar100,SI,0.01,64,100,50,1.0,
42,60.95000000000001,-15.989473684210523,0.9789473684210527,18.610526315789468,20,gs_split-cifar100,SI,2020-11-22-04-41-0,gs_split-cifar100,SI,0.01,64,100,50,0.1,
24,59.14,-19.010526315789473,1.684210526315789,19.242105263157896,20,gs_split-cifar100,SI,2020-11-22-04-41-0,gs_split-cifar100,SI,0.001,64,100,50,1.0,
22,58.39,-21.55789473684211,0.8736842105263157,21.78947368421053,20,gs_split-cifar100,SI,2020-11-22-04-41-0,gs_split-cifar100,SI,0.001,32,100,50,1.0,
34,56.83,-12.810526315789472,1.0736842105263158,12.821052631578945,20,gs_split-cifar100,SI,2020-11-22-04-41-0,gs_split-cifar100,SI,0.001,256,100,50,1000.0,
19,56.64,-22.2,1.4947368421052634,22.431578947368422,20,gs_split-cifar100,SI,2020-11-22-04-41-0,gs_split-cifar100,SI,0.001,64,100,50,0.1,
51,56.279999999999994,-25.91578947368421,0.12631578947368413,25.91578947368421,20,gs_split-cifar100,SI,2020-11-22-04-41-0,gs_split-cifar100,SI,0.01,256,100,50,1.0,
35,55.489999999999995,-6.810526315789476,0.9368421052631577,7.052631578947368,20,gs_split-cifar100,SI,2020-11-22-04-41-0,gs_split-cifar100,SI,0.001,256,100,50,10000.0,
26,55.279999999999994,-26.8,1.1368421052631577,26.88421052631579,20,gs_split-cifar100,SI,2020-11-22-04-41-0,gs_split-cifar100,SI,0.001,32,100,50,0.1,
47,51.04,-32.32631578947369,1.3368421052631576,32.32631578947369,20,gs_split-cifar100,SI,2020-11-22-04-41-0,gs_split-cifar100,SI,0.01,256,100,50,0.1,
32,50.11,-21.936842105263157,1.5368421052631578,21.936842105263157,20,gs_split-cifar100,SI,2020-11-22-04-41-0,gs_split-cifar100,SI,0.001,256,100,50,100.0,
36,48.56999999999999,-26.852631578947367,1.4421052631578946,28.084210526315786,20,gs_split-cifar100,SI,2020-11-22-04-41-0,gs_split-cifar100,SI,0.01,32,100,50,0.1,
33,48.11999999999999,-24.073684210526313,1.5473684210526315,24.073684210526313,20,gs_split-cifar100,SI,2020-11-22-04-41-0,gs_split-cifar100,SI,0.001,256,100,50,10.0,
29,47.18,-24.947368421052627,1.3999999999999995,24.947368421052627,20,gs_split-cifar100,SI,2020-11-22-04-41-0,gs_split-cifar100,SI,0.001,256,100,50,0.1,
31,47.14,-24.915789473684207,1.5473684210526313,24.915789473684207,20,gs_split-cifar100,SI,2020-11-22-04-41-0,gs_split-cifar100,SI,0.001,256,100,50,1.0,
66,46.470000000000006,-35.1578947368421,-0.3894736842105265,35.199999999999996,20,gs_split-cifar100,SI,2020-11-22-04-41-0,gs_split-cifar100,SI,0.1,256,100,50,0.1,
3,31.99,-9.726315789473682,-0.3578947368421052,10.26315789473684,20,gs_split-cifar100,SI,2020-11-22-04-41-0,gs_split-cifar100,SI,1e-05,32,100,50,1000.0,
1,31.95,-10.031578947368422,-0.27368421052631564,10.557894736842105,20,gs_split-cifar100,SI,2020-11-22-04-41-0,gs_split-cifar100,SI,1e-05,32,100,50,100.0,
4,31.90999999999999,-10.126315789473685,-0.2526315789473684,10.642105263157896,20,gs_split-cifar100,SI,2020-11-22-04-41-0,gs_split-cifar100,SI,1e-05,32,100,50,10.0,
2,31.9,-10.105263157894736,-0.27368421052631586,10.621052631578948,20,gs_split-cifar100,SI,2020-11-22-04-41-0,gs_split-cifar100,SI,1e-05,32,100,50,0.1,
0,31.899999999999995,-10.13684210526316,-0.27368421052631586,10.642105263157895,20,gs_split-cifar100,SI,2020-11-22-04-41-0,gs_split-cifar100,SI,1e-05,32,100,50,1.0,
11,31.3,-8.926315789473689,-0.3473684210526315,9.147368421052635,20,gs_split-cifar100,SI,2020-11-22-04-41-0,gs_split-cifar100,SI,1e-05,32,100,50,10000.0,
7,27.99,-4.8315789473684205,-0.3578947368421055,5.6421052631578945,20,gs_split-cifar100,SI,2020-11-22-04-41-0,gs_split-cifar100,SI,1e-05,64,100,50,10.0,
14,27.99,-4.831578947368421,-0.3578947368421055,5.642105263157895,20,gs_split-cifar100,SI,2020-11-22-04-41-0,gs_split-cifar100,SI,1e-05,64,100,50,1.0,
5,27.98,-4.842105263157895,-0.3473684210526318,5.652631578947369,20,gs_split-cifar100,SI,2020-11-22-04-41-0,gs_split-cifar100,SI,1e-05,64,100,50,100.0,
10,27.98,-4.831578947368421,-0.3578947368421055,5.652631578947369,20,gs_split-cifar100,SI,2020-11-22-04-41-0,gs_split-cifar100,SI,1e-05,64,100,50,0.1,
8,27.970000000000006,-4.810526315789474,-0.34736842105263205,5.631578947368422,20,gs_split-cifar100,SI,2020-11-22-04-41-0,gs_split-cifar100,SI,1e-05,64,100,50,1000.0,
9,27.880000000000003,-4.610526315789474,-0.35789473684210565,5.378947368421054,20,gs_split-cifar100,SI,2020-11-22-04-41-0,gs_split-cifar100,SI,1e-05,64,100,50,10000.0,
16,21.640000000000004,-0.19999999999999984,-0.6526315789473681,1.4421052631578948,20,gs_split-cifar100,SI,2020-11-22-04-41-0,gs_split-cifar100,SI,1e-05,256,100,50,100.0,
12,21.640000000000004,-0.19999999999999984,-0.6631578947368418,1.4526315789473683,20,gs_split-cifar100,SI,2020-11-22-04-41-0,gs_split-cifar100,SI,1e-05,256,100,50,1.0,
15,21.630000000000003,-0.21052631578947367,-0.6421052631578944,1.4631578947368422,20,gs_split-cifar100,SI,2020-11-22-04-41-0,gs_split-cifar100,SI,1e-05,256,100,50,1000.0,
13,21.630000000000003,-0.21052631578947367,-0.6526315789473681,1.4631578947368424,20,gs_split-cifar100,SI,2020-11-22-04-41-0,gs_split-cifar100,SI,1e-05,256,100,50,0.1,
6,21.620000000000005,-0.23157894736842116,-0.6421052631578944,1.4631578947368424,20,gs_split-cifar100,SI,2020-11-22-04-41-0,gs_split-cifar100,SI,1e-05,256,100,50,10.0,
17,21.610000000000003,-0.23157894736842155,-0.6421052631578944,1.48421052631579,20,gs_split-cifar100,SI,2020-11-22-04-41-0,gs_split-cifar100,SI,1e-05,256,100,50,10000.0,
57,20.0,-3.0421052631578944,0.6,3.978947368421052,20,gs_split-cifar100,SI,2020-11-22-04-41-0,gs_split-cifar100,SI,0.1,32,100,50,100.0,
61,20.0,-2.9368421052631577,0.6315789473684209,4.3052631578947365,20,gs_split-cifar100,SI,2020-11-22-04-41-0,gs_split-cifar100,SI,0.1,64,100,50,10.0,
56,20.0,-3.0421052631578944,0.5894736842105261,4.494736842105263,20,gs_split-cifar100,SI,2020-11-22-04-41-0,gs_split-cifar100,SI,0.1,32,100,50,1.0,
55,20.0,-3.0842105263157893,0.8736842105263157,3.6526315789473673,20,gs_split-cifar100,SI,2020-11-22-04-41-0,gs_split-cifar100,SI,0.1,32,100,50,10.0,
58,20.0,-3.094736842105263,0.7999999999999999,4.526315789473684,20,gs_split-cifar100,SI,2020-11-22-04-41-0,gs_split-cifar100,SI,0.1,32,100,50,1000.0,
59,20.0,-3.210526315789474,0.6947368421052631,3.9684210526315784,20,gs_split-cifar100,SI,2020-11-22-04-41-0,gs_split-cifar100,SI,0.1,32,100,50,10000.0,
60,20.0,-4.863157894736842,1.2105263157894737,6.210526315789474,20,gs_split-cifar100,SI,2020-11-22-04-41-0,gs_split-cifar100,SI,0.1,64,100,50,1.0,
65,20.0,-2.9368421052631577,1.0526315789473681,5.421052631578948,20,gs_split-cifar100,SI,2020-11-22-04-41-0,gs_split-cifar100,SI,0.1,64,100,50,1000.0,
62,20.0,-17.873684210526317,0.757894736842105,21.0,20,gs_split-cifar100,SI,2020-11-22-04-41-0,gs_split-cifar100,SI,0.1,64,100,50,0.1,
63,20.0,-3.2315789473684213,1.0421052631578946,5.821052631578947,20,gs_split-cifar100,SI,2020-11-22-04-41-0,gs_split-cifar100,SI,0.1,64,100,50,100.0,
64,20.0,-3.1052631578947367,0.5578947368421051,4.378947368421053,20,gs_split-cifar100,SI,2020-11-22-04-41-0,gs_split-cifar100,SI,0.1,64,100,50,10000.0,
53,20.0,-3.0105263157894737,0.5578947368421051,3.6105263157894742,20,gs_split-cifar100,SI,2020-11-22-04-41-0,gs_split-cifar100,SI,0.01,256,100,50,10000.0,
67,20.0,-29.073684210526313,0.12631578947368433,31.663157894736845,20,gs_split-cifar100,SI,2020-11-22-04-41-0,gs_split-cifar100,SI,0.1,256,100,50,1.0,
68,20.0,-5.421052631578948,1.2736842105263158,8.189473684210528,20,gs_split-cifar100,SI,2020-11-22-04-41-0,gs_split-cifar100,SI,0.1,256,100,50,10.0,
69,20.0,-3.168421052631579,0.9473684210526314,4.936842105263159,20,gs_split-cifar100,SI,2020-11-22-04-41-0,gs_split-cifar100,SI,0.1,256,100,50,100.0,
70,20.0,-3.210526315789474,0.9578947368421052,4.957894736842104,20,gs_split-cifar100,SI,2020-11-22-04-41-0,gs_split-cifar100,SI,0.1,256,100,50,1000.0,
54,20.0,-12.13684210526316,0.5157894736842104,15.6,20,gs_split-cifar100,SI,2020-11-22-04-41-0,gs_split-cifar100,SI,0.1,32,100,50,0.1,
21,20.0,-15.873684210526314,1.5894736842105264,18.147368421052626,20,gs_split-cifar100,SI,2020-11-22-04-41-0,gs_split-cifar100,SI,0.001,32,100,50,100.0,
52,20.0,-5.684210526315789,0.8736842105263158,7.7368421052631575,20,gs_split-cifar100,SI,2020-11-22-04-41-0,gs_split-cifar100,SI,0.01,256,100,50,100.0,
50,20.0,-41.16842105263158,1.410526315789474,43.17894736842105,20,gs_split-cifar100,SI,2020-11-22-04-41-0,gs_split-cifar100,SI,0.01,256,100,50,10.0,
18,20.0,-3.021052631578948,0.726315789473684,3.547368421052631,20,gs_split-cifar100,SI,2020-11-22-04-41-0,gs_split-cifar100,SI,0.001,32,100,50,10000.0,
27,20.0,-24.05263157894737,1.4631578947368422,26.052631578947377,20,gs_split-cifar100,SI,2020-11-22-04-41-0,gs_split-cifar100,SI,0.001,64,100,50,100.0,
28,20.0,-9.799999999999999,0.47368421052631576,11.884210526315789,20,gs_split-cifar100,SI,2020-11-22-04-41-0,gs_split-cifar100,SI,0.001,64,100,50,1000.0,
30,20.0,-2.8526315789473684,0.7052631578947368,3.4210526315789473,20,gs_split-cifar100,SI,2020-11-22-04-41-0,gs_split-cifar100,SI,0.001,64,100,50,10000.0,
37,20.0,-27.663157894736845,0.5473684210526316,32.73684210526316,20,gs_split-cifar100,SI,2020-11-22-04-41-0,gs_split-cifar100,SI,0.01,32,100,50,1.0,
38,20.0,-5.242105263157894,0.44210526315789467,7.242105263157894,20,gs_split-cifar100,SI,2020-11-22-04-41-0,gs_split-cifar100,SI,0.01,32,100,50,10.0,
39,20.0,-3.0421052631578944,0.48421052631578937,4.010526315789474,20,gs_split-cifar100,SI,2020-11-22-04-41-0,gs_split-cifar100,SI,0.01,32,100,50,100.0,
40,20.0,-2.9894736842105263,0.4105263157894735,4.578947368421052,20,gs_split-cifar100,SI,2020-11-22-04-41-0,gs_split-cifar100,SI,0.01,32,100,50,1000.0,
41,20.0,-3.0421052631578944,0.48421052631578937,4.705263157894736,20,gs_split-cifar100,SI,2020-11-22-04-41-0,gs_split-cifar100,SI,0.01,32,100,50,10000.0,
43,20.0,-5.905263157894736,0.5157894736842105,8.23157894736842,20,gs_split-cifar100,SI,2020-11-22-04-41-0,gs_split-cifar100,SI,0.01,64,100,50,10.0,
45,20.0,-3.0631578947368423,0.5894736842105261,4.136842105263159,20,gs_split-cifar100,SI,2020-11-22-04-41-0,gs_split-cifar100,SI,0.01,64,100,50,10000.0,
46,20.0,-3.0526315789473686,0.5894736842105261,4.105263157894737,20,gs_split-cifar100,SI,2020-11-22-04-41-0,gs_split-cifar100,SI,0.01,64,100,50,100.0,
20,20.0,-3.0315789473684207,0.7157894736842104,3.5578947368421057,20,gs_split-cifar100,SI,2020-11-22-04-41-0,gs_split-cifar100,SI,0.001,32,100,50,1000.0,
48,20.0,-3.0526315789473686,0.6,4.189473684210526,20,gs_split-cifar100,SI,2020-11-22-04-41-0,gs_split-cifar100,SI,0.01,64,100,50,1000.0,
49,20.0,-3.0105263157894737,0.6421052631578947,3.621052631578948,20,gs_split-cifar100,SI,2020-11-22-04-41-0,gs_split-cifar100,SI,0.01,256,100,50,1000.0,
71,20.0,-2.736842105263158,0.8842105263157893,4.5473684210526315,20,gs_split-cifar100,SI,2020-11-22-04-41-0,gs_split-cifar100,SI,0.1,256,100,50,10000.0,
22,72.51381578735281,-8.618703340302432,-1.2214104489881328,8.618703340302432,10,gs_split-cub,ogd-plus,2020-11-16-07-43-0,gs_split-cub,ogd-plus,0.01,64,256,75,10.0,
47,72.51381578735281,-8.618703340302432,-1.2214104489881328,8.618703340302432,10,gs_split-cub,ogd-plus,2020-11-16-07-43-0,gs_split-cub,ogd-plus,0.01,64,256,75,100000.0,
25,72.51381578735281,-8.618703340302432,-1.2214104489881328,8.618703340302432,10,gs_split-cub,ogd-plus,2020-11-16-07-43-0,gs_split-cub,ogd-plus,0.01,64,256,75,100.0,
3,72.51381578735281,-8.618703340302432,-1.2214104489881328,8.618703340302432,10,gs_split-cub,ogd-plus,2020-11-16-07-43-0,gs_split-cub,ogd-plus,0.01,64,256,75,0.1,
54,72.51381578735281,-8.618703340302432,-1.2214104489881328,8.618703340302432,10,gs_split-cub,ogd-plus,2020-11-16-07-43-0,gs_split-cub,ogd-plus,0.01,64,256,75,1000.0,
7,72.51381578735281,-8.618703340302432,-1.2214104489881328,8.618703340302432,10,gs_split-cub,ogd-plus,2020-11-16-07-43-0,gs_split-cub,ogd-plus,0.01,64,256,75,1.0,
59,72.51381578735281,-8.618703340302432,-1.2214104489881328,8.618703340302432,10,gs_split-cub,ogd-plus,2020-11-16-07-43-0,gs_split-cub,ogd-plus,0.01,64,256,75,10000.0,
38,72.21203034373387,-9.587137313161902,-0.5801871960243488,9.587137313161902,10,gs_split-cub,ogd-plus,2020-11-16-07-43-0,gs_split-cub,ogd-plus,0.001,10,256,75,10000.0,
28,72.21203034373387,-9.587137313161902,-0.5801871960243488,9.587137313161902,10,gs_split-cub,ogd-plus,2020-11-16-07-43-0,gs_split-cub,ogd-plus,0.001,10,256,75,100.0,
13,72.21203034373387,-9.587137313161902,-0.5801871960243488,9.587137313161902,10,gs_split-cub,ogd-plus,2020-11-16-07-43-0,gs_split-cub,ogd-plus,0.001,10,256,75,0.1,
42,72.21203034373387,-9.587137313161902,-0.5801871960243488,9.587137313161902,10,gs_split-cub,ogd-plus,2020-11-16-07-43-0,gs_split-cub,ogd-plus,0.001,10,256,75,1000.0,
18,72.21203034373387,-9.587137313161902,-0.5801871960243488,9.587137313161902,10,gs_split-cub,ogd-plus,2020-11-16-07-43-0,gs_split-cub,ogd-plus,0.001,10,256,75,10.0,
9,72.21203034373387,-9.587137313161902,-0.5801871960243488,9.587137313161902,10,gs_split-cub,ogd-plus,2020-11-16-07-43-0,gs_split-cub,ogd-plus,0.001,10,256,75,1.0,
60,72.21203034373387,-9.587137313161902,-0.5801871960243488,9.587137313161902,10,gs_split-cub,ogd-plus,2020-11-16-07-43-0,gs_split-cub,ogd-plus,0.001,10,256,75,100000.0,
39,70.93993105548576,-9.608167549579786,-0.772240053593573,9.608167549579786,10,gs_split-cub,ogd-plus,2020-11-16-07-43-0,gs_split-cub,ogd-plus,0.01,256,256,75,0.1,
30,70.93993105548576,-9.608167549579786,-0.772240053593573,9.608167549579786,10,gs_split-cub,ogd-plus,2020-11-16-07-43-0,gs_split-cub,ogd-plus,0.01,256,256,75,1000.0,
49,70.93993105548576,-9.608167549579786,-0.772240053593573,9.608167549579786,10,gs_split-cub,ogd-plus,2020-11-16-07-43-0,gs_split-cub,ogd-plus,0.01,256,256,75,100000.0,
61,70.93993105548576,-9.608167549579786,-0.772240053593573,9.608167549579786,10,gs_split-cub,ogd-plus,2020-11-16-07-43-0,gs_split-cub,ogd-plus,0.01,256,256,75,1.0,
24,70.93993105548576,-9.608167549579786,-0.772240053593573,9.608167549579786,10,gs_split-cub,ogd-plus,2020-11-16-07-43-0,gs_split-cub,ogd-plus,0.01,256,256,75,100.0,
21,70.93993105548576,-9.608167549579786,-0.772240053593573,9.608167549579786,10,gs_split-cub,ogd-plus,2020-11-16-07-43-0,gs_split-cub,ogd-plus,0.01,256,256,75,10.0,
58,70.93993105548576,-9.608167549579786,-0.772240053593573,9.608167549579786,10,gs_split-cub,ogd-plus,2020-11-16-07-43-0,gs_split-cub,ogd-plus,0.01,256,256,75,10000.0,
40,70.62050489802616,-10.87508887402693,0.5706258635001442,10.87508887402693,10,gs_split-cub,ogd-plus,2020-11-16-07-43-0,gs_split-cub,ogd-plus,0.1,256,256,75,1000.0,
35,70.62050489802616,-10.87508887402693,0.5706258635001442,10.87508887402693,10,gs_split-cub,ogd-plus,2020-11-16-07-43-0,gs_split-cub,ogd-plus,0.1,256,256,75,10.0,
31,70.62050489802616,-10.87508887402693,0.5706258635001442,10.87508887402693,10,gs_split-cub,ogd-plus,2020-11-16-07-43-0,gs_split-cub,ogd-plus,0.1,256,256,75,100.0,
20,70.62050489802616,-10.87508887402693,0.5706258635001442,10.87508887402693,10,gs_split-cub,ogd-plus,2020-11-16-07-43-0,gs_split-cub,ogd-plus,0.1,256,256,75,1.0,
48,70.62050489802616,-10.87508887402693,0.5706258635001442,10.87508887402693,10,gs_split-cub,ogd-plus,2020-11-16-07-43-0,gs_split-cub,ogd-plus,0.1,256,256,75,10000.0,
55,70.62050489802616,-10.87508887402693,0.5706258635001442,10.87508887402693,10,gs_split-cub,ogd-plus,2020-11-16-07-43-0,gs_split-cub,ogd-plus,0.1,256,256,75,100000.0,
5,70.62050489802616,-10.87508887402693,0.5706258635001442,10.87508887402693,10,gs_split-cub,ogd-plus,2020-11-16-07-43-0,gs_split-cub,ogd-plus,0.1,256,256,75,0.1,
27,69.00082088378943,-11.888224590417321,-0.7245130408331367,11.888224590417321,10,gs_split-cub,ogd-plus,2020-11-16-07-43-0,gs_split-cub,ogd-plus,0.01,10,256,75,100.0,
17,69.00082088378943,-11.888224590417321,-0.7245130408331367,11.888224590417321,10,gs_split-cub,ogd-plus,2020-11-16-07-43-0,gs_split-cub,ogd-plus,0.01,10,256,75,10.0,
53,69.00082088378943,-11.888224590417321,-0.7245130408331367,11.888224590417321,10,gs_split-cub,ogd-plus,2020-11-16-07-43-0,gs_split-cub,ogd-plus,0.01,10,256,75,1000.0,
41,69.00082088378943,-11.888224590417321,-0.7245130408331367,11.888224590417321,10,gs_split-cub,ogd-plus,2020-11-16-07-43-0,gs_split-cub,ogd-plus,0.01,10,256,75,100000.0,
8,69.00082088378943,-11.888224590417321,-0.7245130408331367,11.888224590417321,10,gs_split-cub,ogd-plus,2020-11-16-07-43-0,gs_split-cub,ogd-plus,0.01,10,256,75,1.0,
6,69.00082088378943,-11.888224590417321,-0.7245130408331367,11.888224590417321,10,gs_split-cub,ogd-plus,2020-11-16-07-43-0,gs_split-cub,ogd-plus,0.01,10,256,75,0.1,
36,69.00082088378943,-11.888224590417321,-0.7245130408331367,11.888224590417321,10,gs_split-cub,ogd-plus,2020-11-16-07-43-0,gs_split-cub,ogd-plus,0.01,10,256,75,10000.0,
46,60.84802411182092,-14.210918116461901,-0.7967708426747975,14.573848010641797,10,gs_split-cub,ogd-plus,2020-11-16-07-43-0,gs_split-cub,ogd-plus,0.001,64,256,75,100000.0,
44,60.84802411182092,-14.210918116461901,-0.7967708426747975,14.573848010641797,10,gs_split-cub,ogd-plus,2020-11-16-07-43-0,gs_split-cub,ogd-plus,0.001,64,256,75,10000.0,
0,60.84802411182092,-14.210918116461901,-0.7967708426747975,14.573848010641797,10,gs_split-cub,ogd-plus,2020-11-16-07-43-0,gs_split-cub,ogd-plus,0.001,64,256,75,0.1,
37,60.84802411182092,-14.210918116461901,-0.7967708426747975,14.573848010641797,10,gs_split-cub,ogd-plus,2020-11-16-07-43-0,gs_split-cub,ogd-plus,0.001,64,256,75,10.0,
33,60.84802411182092,-14.210918116461901,-0.7967708426747975,14.573848010641797,10,gs_split-cub,ogd-plus,2020-11-16-07-43-0,gs_split-cub,ogd-plus,0.001,64,256,75,100.0,
32,60.84802411182092,-14.210918116461901,-0.7967708426747975,14.573848010641797,10,gs_split-cub,ogd-plus,2020-11-16-07-43-0,gs_split-cub,ogd-plus,0.001,64,256,75,1000.0,
14,60.84802411182092,-14.210918116461901,-0.7967708426747975,14.573848010641797,10,gs_split-cub,ogd-plus,2020-11-16-07-43-0,gs_split-cub,ogd-plus,0.001,64,256,75,1.0,
52,57.834429306876544,-21.61800212604397,-1.2499973847970756,21.61800212604397,10,gs_split-cub,ogd-plus,2020-11-16-07-43-0,gs_split-cub,ogd-plus,0.1,64,256,75,100000.0,
4,57.834429306876544,-21.61800212604397,-1.2499973847970756,21.61800212604397,10,gs_split-cub,ogd-plus,2020-11-16-07-43-0,gs_split-cub,ogd-plus,0.1,64,256,75,0.1,
43,57.834429306876544,-21.61800212604397,-1.2499973847970756,21.61800212604397,10,gs_split-cub,ogd-plus,2020-11-16-07-43-0,gs_split-cub,ogd-plus,0.1,64,256,75,10000.0,
29,57.834429306876544,-21.61800212604397,-1.2499973847970756,21.61800212604397,10,gs_split-cub,ogd-plus,2020-11-16-07-43-0,gs_split-cub,ogd-plus,0.1,64,256,75,100.0,
45,57.834429306876544,-21.61800212604397,-1.2499973847970756,21.61800212604397,10,gs_split-cub,ogd-plus,2020-11-16-07-43-0,gs_split-cub,ogd-plus,0.1,64,256,75,1000.0,
19,57.834429306876544,-21.61800212604397,-1.2499973847970756,21.61800212604397,10,gs_split-cub,ogd-plus,2020-11-16-07-43-0,gs_split-cub,ogd-plus,0.1,64,256,75,1.0,
12,57.834429306876544,-21.61800212604397,-1.2499973847970756,21.61800212604397,10,gs_split-cub,ogd-plus,2020-11-16-07-43-0,gs_split-cub,ogd-plus,0.1,64,256,75,10.0,
11,28.282308905623932,-14.430240809884658,0.40530685513176606,15.415026520691109,10,gs_split-cub,ogd-plus,2020-11-16-07-43-0,gs_split-cub,ogd-plus,0.001,256,256,75,1.0,
56,28.282308905623932,-14.430240809884658,0.40530685513176606,15.415026520691109,10,gs_split-cub,ogd-plus,2020-11-16-07-43-0,gs_split-cub,ogd-plus,0.001,256,256,75,10000.0,
62,28.282308905623932,-14.430240809884658,0.40530685513176606,15.415026520691109,10,gs_split-cub,ogd-plus,2020-11-16-07-43-0,gs_split-cub,ogd-plus,0.001,256,256,75,1000.0,
51,28.282308905623932,-14.430240809884658,0.40530685513176606,15.415026520691109,10,gs_split-cub,ogd-plus,2020-11-16-07-43-0,gs_split-cub,ogd-plus,0.001,256,256,75,100000.0,
16,28.282308905623932,-14.430240809884658,0.40530685513176606,15.415026520691109,10,gs_split-cub,ogd-plus,2020-11-16-07-43-0,gs_split-cub,ogd-plus,0.001,256,256,75,10.0,
26,28.282308905623932,-14.430240809884658,0.40530685513176606,15.415026520691109,10,gs_split-cub,ogd-plus,2020-11-16-07-43-0,gs_split-cub,ogd-plus,0.001,256,256,75,100.0,
1,28.282308905623932,-14.430240809884658,0.40530685513176606,15.415026520691109,10,gs_split-cub,ogd-plus,2020-11-16-07-43-0,gs_split-cub,ogd-plus,0.001,256,256,75,0.1,
15,5.087689050211736,-0.8286252354048965,-1.2773983956579547,0.8860964997727125,10,gs_split-cub,ogd-plus,2020-11-16-07-43-0,gs_split-cub,ogd-plus,0.1,10,256,75,10.0,
34,5.087689050211736,-0.8286252354048965,-1.2773983956579547,0.8860964997727125,10,gs_split-cub,ogd-plus,2020-11-16-07-43-0,gs_split-cub,ogd-plus,0.1,10,256,75,1000.0,
23,5.087689050211736,-0.8286252354048965,-1.2773983956579547,0.8860964997727125,10,gs_split-cub,ogd-plus,2020-11-16-07-43-0,gs_split-cub,ogd-plus,0.1,10,256,75,100.0,
57,5.087689050211736,-0.8286252354048965,-1.2773983956579547,0.8860964997727125,10,gs_split-cub,ogd-plus,2020-11-16-07-43-0,gs_split-cub,ogd-plus,0.1,10,256,75,10000.0,
10,5.087689050211736,-0.8286252354048965,-1.2773983956579547,0.8860964997727125,10,gs_split-cub,ogd-plus,2020-11-16-07-43-0,gs_split-cub,ogd-plus,0.1,10,256,75,1.0,
2,5.087689050211736,-0.8286252354048965,-1.2773983956579547,0.8860964997727125,10,gs_split-cub,ogd-plus,2020-11-16-07-43-0,gs_split-cub,ogd-plus,0.1,10,256,75,0.1,
50,5.087689050211736,-0.8286252354048965,-1.2773983956579547,0.8860964997727125,10,gs_split-cub,ogd-plus,2020-11-16-07-43-0,gs_split-cub,ogd-plus,0.1,10,256,75,100000.0,
0,72.56150057590888,-9.500603441630027,-0.9789485646709802,9.500603441630027,10,gs_split-cub,ogd,2020-11-16-07-43-0,gs_split-cub,ogd,0.001,10,256,75,0.1,
12,72.56150057590888,-9.500603441630027,-0.9789485646709802,9.500603441630027,10,gs_split-cub,ogd,2020-11-16-07-43-0,gs_split-cub,ogd,0.001,10,256,75,10.0,
58,72.56150057590888,-9.500603441630027,-0.9789485646709802,9.500603441630027,10,gs_split-cub,ogd,2020-11-16-07-43-0,gs_split-cub,ogd,0.001,10,256,75,10000.0,
54,72.56150057590888,-9.500603441630027,-0.9789485646709802,9.500603441630027,10,gs_split-cub,ogd,2020-11-16-07-43-0,gs_split-cub,ogd,0.001,10,256,75,100000.0,
51,72.56150057590888,-9.500603441630027,-0.9789485646709802,9.500603441630027,10,gs_split-cub,ogd,2020-11-16-07-43-0,gs_split-cub,ogd,0.001,10,256,75,100.0,
30,72.56150057590888,-9.500603441630027,-0.9789485646709802,9.500603441630027,10,gs_split-cub,ogd,2020-11-16-07-43-0,gs_split-cub,ogd,0.001,10,256,75,1000.0,
62,72.56150057590888,-9.500603441630027,-0.9789485646709802,9.500603441630027,10,gs_split-cub,ogd,2020-11-16-07-43-0,gs_split-cub,ogd,0.001,10,256,75,1.0,
44,72.23085939491929,-8.74349476921968,-0.8626141526918364,8.74349476921968,10,gs_split-cub,ogd,2020-11-16-07-43-0,gs_split-cub,ogd,0.01,64,256,75,0.1,
27,72.23085939491929,-8.74349476921968,-0.8626141526918364,8.74349476921968,10,gs_split-cub,ogd,2020-11-16-07-43-0,gs_split-cub,ogd,0.01,64,256,75,1000.0,
46,72.23085939491929,-8.74349476921968,-0.8626141526918364,8.74349476921968,10,gs_split-cub,ogd,2020-11-16-07-43-0,gs_split-cub,ogd,0.01,64,256,75,100000.0,
13,72.23085939491929,-8.74349476921968,-0.8626141526918364,8.74349476921968,10,gs_split-cub,ogd,2020-11-16-07-43-0,gs_split-cub,ogd,0.01,64,256,75,10.0,
24,72.23085939491929,-8.74349476921968,-0.8626141526918364,8.74349476921968,10,gs_split-cub,ogd,2020-11-16-07-43-0,gs_split-cub,ogd,0.01,64,256,75,100.0,
15,72.23085939491929,-8.74349476921968,-0.8626141526918364,8.74349476921968,10,gs_split-cub,ogd,2020-11-16-07-43-0,gs_split-cub,ogd,0.01,64,256,75,1.0,
49,72.23085939491929,-8.74349476921968,-0.8626141526918364,8.74349476921968,10,gs_split-cub,ogd,2020-11-16-07-43-0,gs_split-cub,ogd,0.01,64,256,75,10000.0,
19,71.06442700101911,-9.612607744432683,1.2211231960900917,9.612607744432683,10,gs_split-cub,ogd,2020-11-16-07-43-0,gs_split-cub,ogd,0.1,256,256,75,10.0,
4,71.06442700101911,-9.612607744432683,1.2211231960900917,9.612607744432683,10,gs_split-cub,ogd,2020-11-16-07-43-0,gs_split-cub,ogd,0.1,256,256,75,0.1,
26,71.06442700101911,-9.612607744432683,1.2211231960900917,9.612607744432683,10,gs_split-cub,ogd,2020-11-16-07-43-0,gs_split-cub,ogd,0.1,256,256,75,100.0,
41,71.06442700101911,-9.612607744432683,1.2211231960900917,9.612607744432683,10,gs_split-cub,ogd,2020-11-16-07-43-0,gs_split-cub,ogd,0.1,256,256,75,1000.0,
42,71.06442700101911,-9.612607744432683,1.2211231960900917,9.612607744432683,10,gs_split-cub,ogd,2020-11-16-07-43-0,gs_split-cub,ogd,0.1,256,256,75,100000.0,
10,71.06442700101911,-9.612607744432683,1.2211231960900917,9.612607744432683,10,gs_split-cub,ogd,2020-11-16-07-43-0,gs_split-cub,ogd,0.1,256,256,75,1.0,
61,71.06442700101911,-9.612607744432683,1.2211231960900917,9.612607744432683,10,gs_split-cub,ogd,2020-11-16-07-43-0,gs_split-cub,ogd,0.1,256,256,75,10000.0,
52,70.74293251780823,-9.247827958392543,-0.7631998379223732,9.364136055705542,10,gs_split-cub,ogd,2020-11-16-07-43-0,gs_split-cub,ogd,0.01,256,256,75,10000.0,
20,70.74293251780823,-9.247827958392543,-0.7631998379223732,9.364136055705542,10,gs_split-cub,ogd,2020-11-16-07-43-0,gs_split-cub,ogd,0.01,256,256,75,10.0,
47,70.74293251780823,-9.247827958392543,-0.7631998379223732,9.364136055705542,10,gs_split-cub,ogd,2020-11-16-07-43-0,gs_split-cub,ogd,0.01,256,256,75,1.0,
23,70.74293251780823,-9.247827958392543,-0.7631998379223732,9.364136055705542,10,gs_split-cub,ogd,2020-11-16-07-43-0,gs_split-cub,ogd,0.01,256,256,75,100.0,
3,70.74293251780823,-9.247827958392543,-0.7631998379223732,9.364136055705542,10,gs_split-cub,ogd,2020-11-16-07-43-0,gs_split-cub,ogd,0.01,256,256,75,0.1,
45,70.74293251780823,-9.247827958392543,-0.7631998379223732,9.364136055705542,10,gs_split-cub,ogd,2020-11-16-07-43-0,gs_split-cub,ogd,0.01,256,256,75,100000.0,
31,70.74293251780823,-9.247827958392543,-0.7631998379223732,9.364136055705542,10,gs_split-cub,ogd,2020-11-16-07-43-0,gs_split-cub,ogd,0.01,256,256,75,1000.0,
53,67.69463994586114,-12.946292745522705,0.03468412735846352,12.946292745522705,10,gs_split-cub,ogd,2020-11-16-07-43-0,gs_split-cub,ogd,0.01,10,256,75,100000.0,
56,67.69463994586114,-12.946292745522705,0.03468412735846352,12.946292745522705,10,gs_split-cub,ogd,2020-11-16-07-43-0,gs_split-cub,ogd,0.01,10,256,75,10000.0,
57,67.69463994586114,-12.946292745522705,0.03468412735846352,12.946292745522705,10,gs_split-cub,ogd,2020-11-16-07-43-0,gs_split-cub,ogd,0.01,10,256,75,1000.0,
35,67.69463994586114,-12.946292745522705,0.03468412735846352,12.946292745522705,10,gs_split-cub,ogd,2020-11-16-07-43-0,gs_split-cub,ogd,0.01,10,256,75,100.0,
21,67.69463994586114,-12.946292745522705,0.03468412735846352,12.946292745522705,10,gs_split-cub,ogd,2020-11-16-07-43-0,gs_split-cub,ogd,0.01,10,256,75,10.0,
9,67.69463994586114,-12.946292745522705,0.03468412735846352,12.946292745522705,10,gs_split-cub,ogd,2020-11-16-07-43-0,gs_split-cub,ogd,0.01,10,256,75,1.0,
5,67.69463994586114,-12.946292745522705,0.03468412735846352,12.946292745522705,10,gs_split-cub,ogd,2020-11-16-07-43-0,gs_split-cub,ogd,0.01,10,256,75,0.1,
1,59.89236167709394,-15.25235243710374,-0.7350424476130688,15.25235243710374,10,gs_split-cub,ogd,2020-11-16-07-43-0,gs_split-cub,ogd,0.001,64,256,75,0.1,
8,59.89236167709394,-15.25235243710374,-0.7350424476130688,15.25235243710374,10,gs_split-cub,ogd,2020-11-16-07-43-0,gs_split-cub,ogd,0.001,64,256,75,1.0,
36,59.89236167709394,-15.25235243710374,-0.7350424476130688,15.25235243710374,10,gs_split-cub,ogd,2020-11-16-07-43-0,gs_split-cub,ogd,0.001,64,256,75,10000.0,
48,59.89236167709394,-15.25235243710374,-0.7350424476130688,15.25235243710374,10,gs_split-cub,ogd,2020-11-16-07-43-0,gs_split-cub,ogd,0.001,64,256,75,10.0,
33,59.89236167709394,-15.25235243710374,-0.7350424476130688,15.25235243710374,10,gs_split-cub,ogd,2020-11-16-07-43-0,gs_split-cub,ogd,0.001,64,256,75,1000.0,
18,59.89236167709394,-15.25235243710374,-0.7350424476130688,15.25235243710374,10,gs_split-cub,ogd,2020-11-16-07-43-0,gs_split-cub,ogd,0.001,64,256,75,100.0,
43,59.89236167709394,-15.25235243710374,-0.7350424476130688,15.25235243710374,10,gs_split-cub,ogd,2020-11-16-07-43-0,gs_split-cub,ogd,0.001,64,256,75,100000.0,
28,56.114871140180284,-21.89772430210838,-0.9527873060712047,21.89772430210838,10,gs_split-cub,ogd,2020-11-16-07-43-0,gs_split-cub,ogd,0.1,64,256,75,0.1,
25,56.114871140180284,-21.89772430210838,-0.9527873060712047,21.89772430210838,10,gs_split-cub,ogd,2020-11-16-07-43-0,gs_split-cub,ogd,0.1,64,256,75,100.0,
50,56.114871140180284,-21.89772430210838,-0.9527873060712047,21.89772430210838,10,gs_split-cub,ogd,2020-11-16-07-43-0,gs_split-cub,ogd,0.1,64,256,75,1000.0,
60,56.114871140180284,-21.89772430210838,-0.9527873060712047,21.89772430210838,10,gs_split-cub,ogd,2020-11-16-07-43-0,gs_split-cub,ogd,0.1,64,256,75,10.0,
38,56.114871140180284,-21.89772430210838,-0.9527873060712047,21.89772430210838,10,gs_split-cub,ogd,2020-11-16-07-43-0,gs_split-cub,ogd,0.1,64,256,75,10000.0,
14,56.114871140180284,-21.89772430210838,-0.9527873060712047,21.89772430210838,10,gs_split-cub,ogd,2020-11-16-07-43-0,gs_split-cub,ogd,0.1,64,256,75,1.0,
55,56.114871140180284,-21.89772430210838,-0.9527873060712047,21.89772430210838,10,gs_split-cub,ogd,2020-11-16-07-43-0,gs_split-cub,ogd,0.1,64,256,75,100000.0,
16,27.609240471335323,-15.633309189563493,0.15833062718709684,16.365655820627847,10,gs_split-cub,ogd,2020-11-16-07-43-0,gs_split-cub,ogd,0.001,256,256,75,10.0,
7,27.609240471335323,-15.633309189563493,0.15833062718709684,16.365655820627847,10,gs_split-cub,ogd,2020-11-16-07-43-0,gs_split-cub,ogd,0.001,256,256,75,1.0,
29,27.609240471335323,-15.633309189563493,0.15833062718709684,16.365655820627847,10,gs_split-cub,ogd,2020-11-16-07-43-0,gs_split-cub,ogd,0.001,256,256,75,100.0,
2,27.609240471335323,-15.633309189563493,0.15833062718709684,16.365655820627847,10,gs_split-cub,ogd,2020-11-16-07-43-0,gs_split-cub,ogd,0.001,256,256,75,0.1,
39,27.609240471335323,-15.633309189563493,0.15833062718709684,16.365655820627847,10,gs_split-cub,ogd,2020-11-16-07-43-0,gs_split-cub,ogd,0.001,256,256,75,100000.0,
37,27.609240471335323,-15.633309189563493,0.15833062718709684,16.365655820627847,10,gs_split-cub,ogd,2020-11-16-07-43-0,gs_split-cub,ogd,0.001,256,256,75,10000.0,
34,27.609240471335323,-15.633309189563493,0.15833062718709684,16.365655820627847,10,gs_split-cub,ogd,2020-11-16-07-43-0,gs_split-cub,ogd,0.001,256,256,75,1000.0,
59,5.087689050211736,-0.8286252354048965,-1.2773983956579547,0.8860964997727125,10,gs_split-cub,ogd,2020-11-16-07-43-0,gs_split-cub,ogd,0.1,10,256,75,10000.0,
32,5.087689050211736,-0.8286252354048965,-1.2773983956579547,0.8860964997727125,10,gs_split-cub,ogd,2020-11-16-07-43-0,gs_split-cub,ogd,0.1,10,256,75,1000.0,
11,5.087689050211736,-0.8286252354048965,-1.2773983956579547,0.8860964997727125,10,gs_split-cub,ogd,2020-11-16-07-43-0,gs_split-cub,ogd,0.1,10,256,75,1.0,
6,5.087689050211736,-0.8286252354048965,-1.2773983956579547,0.8860964997727125,10,gs_split-cub,ogd,2020-11-16-07-43-0,gs_split-cub,ogd,0.1,10,256,75,0.1,
17,5.087689050211736,-0.8286252354048965,-1.2773983956579547,0.8860964997727125,10,gs_split-cub,ogd,2020-11-16-07-43-0,gs_split-cub,ogd,0.1,10,256,75,10.0,
40,5.087689050211736,-0.8286252354048965,-1.2773983956579547,0.8860964997727125,10,gs_split-cub,ogd,2020-11-16-07-43-0,gs_split-cub,ogd,0.1,10,256,75,100000.0,
22,5.087689050211736,-0.8286252354048965,-1.2773983956579547,0.8860964997727125,10,gs_split-cub,ogd,2020-11-16-07-43-0,gs_split-cub,ogd,0.1,10,256,75,100.0,
53,70.38238368178385,-11.381966019666347,-0.7556143996591257,11.381966019666347,10,gs_split-cub,sgd,2020-11-16-07-43-0,gs_split-cub,sgd,0.001,10,256,75,100.0,
61,70.38238368178385,-11.381966019666347,-0.7556143996591257,11.381966019666347,10,gs_split-cub,sgd,2020-11-16-07-43-0,gs_split-cub,sgd,0.001,10,256,75,100000.0,
34,70.38238368178385,-11.381966019666347,-0.7556143996591257,11.381966019666347,10,gs_split-cub,sgd,2020-11-16-07-43-0,gs_split-cub,sgd,0.001,10,256,75,1.0,
32,70.38238368178385,-11.381966019666347,-0.7556143996591257,11.381966019666347,10,gs_split-cub,sgd,2020-11-16-07-43-0,gs_split-cub,sgd,0.001,10,256,75,1000.0,
49,70.38238368178385,-11.381966019666347,-0.7556143996591257,11.381966019666347,10,gs_split-cub,sgd,2020-11-16-07-43-0,gs_split-cub,sgd,0.001,10,256,75,10.0,
60,70.38238368178385,-11.381966019666347,-0.7556143996591257,11.381966019666347,10,gs_split-cub,sgd,2020-11-16-07-43-0,gs_split-cub,sgd,0.001,10,256,75,10000.0,
1,70.38238368178385,-11.381966019666347,-0.7556143996591257,11.381966019666347,10,gs_split-cub,sgd,2020-11-16-07-43-0,gs_split-cub,sgd,0.001,10,256,75,0.1,
56,70.20987807264567,-10.588525062672067,-1.6110709428152932,10.588525062672067,10,gs_split-cub,sgd,2020-11-16-07-43-0,gs_split-cub,sgd,0.01,64,256,75,10000.0,
16,70.20987807264567,-10.588525062672067,-1.6110709428152932,10.588525062672067,10,gs_split-cub,sgd,2020-11-16-07-43-0,gs_split-cub,sgd,0.01,64,256,75,100.0,
13,70.20987807264567,-10.588525062672067,-1.6110709428152932,10.588525062672067,10,gs_split-cub,sgd,2020-11-16-07-43-0,gs_split-cub,sgd,0.01,64,256,75,10.0,
39,70.20987807264567,-10.588525062672067,-1.6110709428152932,10.588525062672067,10,gs_split-cub,sgd,2020-11-16-07-43-0,gs_split-cub,sgd,0.01,64,256,75,100000.0,
52,70.20987807264567,-10.588525062672067,-1.6110709428152932,10.588525062672067,10,gs_split-cub,sgd,2020-11-16-07-43-0,gs_split-cub,sgd,0.01,64,256,75,1.0,
6,70.20987807264567,-10.588525062672067,-1.6110709428152932,10.588525062672067,10,gs_split-cub,sgd,2020-11-16-07-43-0,gs_split-cub,sgd,0.01,64,256,75,0.1,
35,70.20987807264567,-10.588525062672067,-1.6110709428152932,10.588525062672067,10,gs_split-cub,sgd,2020-11-16-07-43-0,gs_split-cub,sgd,0.01,64,256,75,1000.0,
29,67.81253611488518,-12.62454740891591,-1.2537355376565458,12.784825640578948,10,gs_split-cub,sgd,2020-11-16-07-43-0,gs_split-cub,sgd,0.01,256,256,75,1000.0,
48,67.81253611488518,-12.62454740891591,-1.2537355376565458,12.784825640578948,10,gs_split-cub,sgd,2020-11-16-07-43-0,gs_split-cub,sgd,0.01,256,256,75,10000.0,
51,67.81253611488518,-12.62454740891591,-1.2537355376565458,12.784825640578948,10,gs_split-cub,sgd,2020-11-16-07-43-0,gs_split-cub,sgd,0.01,256,256,75,100.0,
42,67.81253611488518,-12.62454740891591,-1.2537355376565458,12.784825640578948,10,gs_split-cub,sgd,2020-11-16-07-43-0,gs_split-cub,sgd,0.01,256,256,75,100000.0,
62,67.81253611488518,-12.62454740891591,-1.2537355376565458,12.784825640578948,10,gs_split-cub,sgd,2020-11-16-07-43-0,gs_split-cub,sgd,0.01,256,256,75,10.0,
14,67.81253611488518,-12.62454740891591,-1.2537355376565458,12.784825640578948,10,gs_split-cub,sgd,2020-11-16-07-43-0,gs_split-cub,sgd,0.01,256,256,75,1.0,
4,67.81253611488518,-12.62454740891591,-1.2537355376565458,12.784825640578948,10,gs_split-cub,sgd,2020-11-16-07-43-0,gs_split-cub,sgd,0.01,256,256,75,0.1,
38,67.55969688151595,-13.533474866163282,1.0202757009848247,13.534986405687881,10,gs_split-cub,sgd,2020-11-16-07-43-0,gs_split-cub,sgd,0.1,256,256,75,100000.0,
15,67.55969688151595,-13.533474866163282,1.0202757009848247,13.534986405687881,10,gs_split-cub,sgd,2020-11-16-07-43-0,gs_split-cub,sgd,0.1,256,256,75,10.0,
3,67.55969688151595,-13.533474866163282,1.0202757009848247,13.534986405687881,10,gs_split-cub,sgd,2020-11-16-07-43-0,gs_split-cub,sgd,0.1,256,256,75,0.1,
33,67.55969688151595,-13.533474866163282,1.0202757009848247,13.534986405687881,10,gs_split-cub,sgd,2020-11-16-07-43-0,gs_split-cub,sgd,0.1,256,256,75,1.0,
58,67.55969688151595,-13.533474866163282,1.0202757009848247,13.534986405687881,10,gs_split-cub,sgd,2020-11-16-07-43-0,gs_split-cub,sgd,0.1,256,256,75,10000.0,
28,67.55969688151595,-13.533474866163282,1.0202757009848247,13.534986405687881,10,gs_split-cub,sgd,2020-11-16-07-43-0,gs_split-cub,sgd,0.1,256,256,75,1000.0,
26,67.55969688151595,-13.533474866163282,1.0202757009848247,13.534986405687881,10,gs_split-cub,sgd,2020-11-16-07-43-0,gs_split-cub,sgd,0.1,256,256,75,100.0,
44,65.40988598029264,-15.59475837460396,-1.1104574459722265,15.59475837460396,10,gs_split-cub,sgd,2020-11-16-07-43-0,gs_split-cub,sgd,0.01,10,256,75,1000.0,
11,65.40988598029264,-15.59475837460396,-1.1104574459722265,15.59475837460396,10,gs_split-cub,sgd,2020-11-16-07-43-0,gs_split-cub,sgd,0.01,10,256,75,1.0,
46,65.40988598029264,-15.59475837460396,-1.1104574459722265,15.59475837460396,10,gs_split-cub,sgd,2020-11-16-07-43-0,gs_split-cub,sgd,0.01,10,256,75,10000.0,
5,65.40988598029264,-15.59475837460396,-1.1104574459722265,15.59475837460396,10,gs_split-cub,sgd,2020-11-16-07-43-0,gs_split-cub,sgd,0.01,10,256,75,0.1,
24,65.40988598029264,-15.59475837460396,-1.1104574459722265,15.59475837460396,10,gs_split-cub,sgd,2020-11-16-07-43-0,gs_split-cub,sgd,0.01,10,256,75,10.0,
40,65.40988598029264,-15.59475837460396,-1.1104574459722265,15.59475837460396,10,gs_split-cub,sgd,2020-11-16-07-43-0,gs_split-cub,sgd,0.01,10,256,75,100000.0,
19,65.40988598029264,-15.59475837460396,-1.1104574459722265,15.59475837460396,10,gs_split-cub,sgd,2020-11-16-07-43-0,gs_split-cub,sgd,0.01,10,256,75,100.0,
57,55.694516179562434,-19.790484806603118,-0.5867653872597377,19.790484806603118,10,gs_split-cub,sgd,2020-11-16-07-43-0,gs_split-cub,sgd,0.001,64,256,75,1000.0,
55,55.694516179562434,-19.790484806603118,-0.5867653872597377,19.790484806603118,10,gs_split-cub,sgd,2020-11-16-07-43-0,gs_split-cub,sgd,0.001,64,256,75,10.0,
50,55.694516179562434,-19.790484806603118,-0.5867653872597377,19.790484806603118,10,gs_split-cub,sgd,2020-11-16-07-43-0,gs_split-cub,sgd,0.001,64,256,75,10000.0,
0,55.694516179562434,-19.790484806603118,-0.5867653872597377,19.790484806603118,10,gs_split-cub,sgd,2020-11-16-07-43-0,gs_split-cub,sgd,0.001,64,256,75,0.1,
37,55.694516179562434,-19.790484806603118,-0.5867653872597377,19.790484806603118,10,gs_split-cub,sgd,2020-11-16-07-43-0,gs_split-cub,sgd,0.001,64,256,75,100000.0,
9,55.694516179562434,-19.790484806603118,-0.5867653872597377,19.790484806603118,10,gs_split-cub,sgd,2020-11-16-07-43-0,gs_split-cub,sgd,0.001,64,256,75,1.0,
22,55.694516179562434,-19.790484806603118,-0.5867653872597377,19.790484806603118,10,gs_split-cub,sgd,2020-11-16-07-43-0,gs_split-cub,sgd,0.001,64,256,75,100.0,
47,49.84386358121403,-30.96369421643946,-1.1664499446985324,30.96369421643946,10,gs_split-cub,sgd,2020-11-16-07-43-0,gs_split-cub,sgd,0.1,64,256,75,10000.0,
59,49.84386358121403,-30.96369421643946,-1.1664499446985324,30.96369421643946,10,gs_split-cub,sgd,2020-11-16-07-43-0,gs_split-cub,sgd,0.1,64,256,75,100.0,
10,49.84386358121403,-30.96369421643946,-1.1664499446985324,30.96369421643946,10,gs_split-cub,sgd,2020-11-16-07-43-0,gs_split-cub,sgd,0.1,64,256,75,1.0,
17,49.84386358121403,-30.96369421643946,-1.1664499446985324,30.96369421643946,10,gs_split-cub,sgd,2020-11-16-07-43-0,gs_split-cub,sgd,0.1,64,256,75,0.1,
20,49.84386358121403,-30.96369421643946,-1.1664499446985324,30.96369421643946,10,gs_split-cub,sgd,2020-11-16-07-43-0,gs_split-cub,sgd,0.1,64,256,75,10.0,
30,49.84386358121403,-30.96369421643946,-1.1664499446985324,30.96369421643946,10,gs_split-cub,sgd,2020-11-16-07-43-0,gs_split-cub,sgd,0.1,64,256,75,1000.0,
41,49.84386358121403,-30.96369421643946,-1.1664499446985324,30.96369421643946,10,gs_split-cub,sgd,2020-11-16-07-43-0,gs_split-cub,sgd,0.1,64,256,75,100000.0,
45,25.567689454545864,-18.986028627091393,-0.04392089519258264,20.193342655909785,10,gs_split-cub,sgd,2020-11-16-07-43-0,gs_split-cub,sgd,0.001,256,256,75,10000.0,
21,25.567689454545864,-18.986028627091393,-0.04392089519258264,20.193342655909785,10,gs_split-cub,sgd,2020-11-16-07-43-0,gs_split-cub,sgd,0.001,256,256,75,100.0,
36,25.567689454545864,-18.986028627091393,-0.04392089519258264,20.193342655909785,10,gs_split-cub,sgd,2020-11-16-07-43-0,gs_split-cub,sgd,0.001,256,256,75,100000.0,
18,25.567689454545864,-18.986028627091393,-0.04392089519258264,20.193342655909785,10,gs_split-cub,sgd,2020-11-16-07-43-0,gs_split-cub,sgd,0.001,256,256,75,10.0,
27,25.567689454545864,-18.986028627091393,-0.04392089519258264,20.193342655909785,10,gs_split-cub,sgd,2020-11-16-07-43-0,gs_split-cub,sgd,0.001,256,256,75,1000.0,
8,25.567689454545864,-18.986028627091393,-0.04392089519258264,20.193342655909785,10,gs_split-cub,sgd,2020-11-16-07-43-0,gs_split-cub,sgd,0.001,256,256,75,1.0,
2,25.567689454545864,-18.986028627091393,-0.04392089519258264,20.193342655909785,10,gs_split-cub,sgd,2020-11-16-07-43-0,gs_split-cub,sgd,0.001,256,256,75,0.1,
25,9.775435520419986,-0.11382716808906501,-2.0169011126643372,0.6652163560404359,10,gs_split-cub,sgd,2020-11-16-07-43-0,gs_split-cub,sgd,0.1,10,256,75,10.0,
23,9.775435520419986,-0.11382716808906501,-2.0169011126643372,0.6652163560404359,10,gs_split-cub,sgd,2020-11-16-07-43-0,gs_split-cub,sgd,0.1,10,256,75,100.0,
54,9.775435520419986,-0.11382716808906501,-2.0169011126643372,0.6652163560404359,10,gs_split-cub,sgd,2020-11-16-07-43-0,gs_split-cub,sgd,0.1,10,256,75,10000.0,
12,9.775435520419986,-0.11382716808906501,-2.0169011126643372,0.6652163560404359,10,gs_split-cub,sgd,2020-11-16-07-43-0,gs_split-cub,sgd,0.1,10,256,75,0.1,
43,9.775435520419986,-0.11382716808906501,-2.0169011126643372,0.6652163560404359,10,gs_split-cub,sgd,2020-11-16-07-43-0,gs_split-cub,sgd,0.1,10,256,75,100000.0,
7,9.775435520419986,-0.11382716808906501,-2.0169011126643372,0.6652163560404359,10,gs_split-cub,sgd,2020-11-16-07-43-0,gs_split-cub,sgd,0.1,10,256,75,1.0,
31,9.775435520419986,-0.11382716808906501,-2.0169011126643372,0.6652163560404359,10,gs_split-cub,sgd,2020-11-16-07-43-0,gs_split-cub,sgd,0.1,10,256,75,1000.0,
19,76.31791660898479,-1.6924920406574637,-0.4696624826318289,1.7511533027165125,10,gs_split-cub,SI,2020-11-16-07-42-0,gs_split-cub,SI,0.001,10,256,75,10.0,
21,75.07333681816058,-4.052625994790154,-0.2410154444335094,4.0910063440513325,10,gs_split-cub,SI,2020-11-16-07-42-0,gs_split-cub,SI,0.01,64,256,75,10.0,
8,74.67994606471076,-5.994811517210741,-0.16683349177626564,5.994811517210741,10,gs_split-cub,SI,2020-11-16-07-42-0,gs_split-cub,SI,0.001,10,256,75,1.0,
2,74.32335576591612,-3.1382301895966815,-0.26334908327387485,3.6721628766669614,10,gs_split-cub,SI,2020-11-16-07-42-0,gs_split-cub,SI,0.01,10,256,75,0.1,
29,73.75206781791442,-4.223848260057754,-0.6337443922784068,4.3197991332107,10,gs_split-cub,SI,2020-11-16-07-42-0,gs_split-cub,SI,0.01,256,256,75,100.0,
23,72.784552098409,0.34457125868728156,-1.0599446601264784,0.22849639369955652,10,gs_split-cub,SI,2020-11-16-07-42-0,gs_split-cub,SI,0.001,10,256,75,100.0,
24,72.5342333192997,-0.261905415439317,-0.43056576086581266,1.198665936280531,10,gs_split-cub,SI,2020-11-16-07-42-0,gs_split-cub,SI,0.01,10,256,75,1.0,
32,72.36132448416667,-9.374854242177781,-0.20669580184895742,9.374854242177781,10,gs_split-cub,SI,2020-11-16-07-42-0,gs_split-cub,SI,0.01,64,256,75,1.0,
0,71.76227596499673,-9.816969189542277,-0.3601174581110783,9.855349538803454,10,gs_split-cub,SI,2020-11-16-07-42-0,gs_split-cub,SI,0.001,10,256,75,0.1,
18,70.92134680964156,-8.876721920831692,-0.6163459108113626,8.876721920831692,10,gs_split-cub,SI,2020-11-16-07-42-0,gs_split-cub,SI,0.01,256,256,75,10.0,
12,70.69157323569516,-8.193799720424241,-0.18842589214638147,8.371419613852304,10,gs_split-cub,SI,2020-11-16-07-42-0,gs_split-cub,SI,0.1,256,256,75,1.0,
4,69.95901334203023,-12.026413099040909,-0.39938531515802705,12.026413099040909,10,gs_split-cub,SI,2020-11-16-07-42-0,gs_split-cub,SI,0.01,64,256,75,0.1,
6,69.26328572613357,-7.409716655439177,-0.5910784849828261,7.409716655439177,10,gs_split-cub,SI,2020-11-16-07-42-0,gs_split-cub,SI,0.1,64,256,75,0.1,
16,68.54789194980323,-11.686647120987926,-0.865371485539855,11.686647120987926,10,gs_split-cub,SI,2020-11-16-07-42-0,gs_split-cub,SI,0.01,256,256,75,1.0,
7,68.15561997893234,-12.049005200604096,-0.7501745165955631,12.049005200604096,10,gs_split-cub,SI,2020-11-16-07-42-0,gs_split-cub,SI,0.01,256,256,75,0.1,
10,67.746554770914,-12.582145351374871,-0.39638970161975373,12.582145351374871,10,gs_split-cub,SI,2020-11-16-07-42-0,gs_split-cub,SI,0.1,256,256,75,0.1,
30,62.49616300522856,-11.693947171806151,-0.8895289288028054,11.693947171806151,10,gs_split-cub,SI,2020-11-16-07-42-0,gs_split-cub,SI,0.001,64,256,75,100.0,
34,59.92656665604831,-5.091258861215808,-0.9975089569080543,5.188554054833243,10,gs_split-cub,SI,2020-11-16-07-42-0,gs_split-cub,SI,0.001,64,256,75,1000.0,
15,58.005676728754544,-18.20761150710806,-0.6005042862077481,18.20761150710806,10,gs_split-cub,SI,2020-11-16-07-42-0,gs_split-cub,SI,0.001,64,256,75,10.0,
9,56.28082597598775,-20.280211732328382,-0.5040073272349724,20.280211732328382,10,gs_split-cub,SI,2020-11-16-07-42-0,gs_split-cub,SI,0.001,64,256,75,1.0,
3,56.107294113226864,-20.491318971997405,-0.5230658368595199,20.491318971997405,10,gs_split-cub,SI,2020-11-16-07-42-0,gs_split-cub,SI,0.001,64,256,75,0.1,
41,24.98732488440409,-16.360861576235536,0.19595799656496915,16.360861576235536,10,gs_split-cub,SI,2020-11-16-07-42-0,gs_split-cub,SI,0.001,256,256,75,1000.0,
40,24.275123646652826,-6.0204053798588655,-0.018753848873778328,6.501461553949312,10,gs_split-cub,SI,2020-11-16-07-42-0,gs_split-cub,SI,0.001,256,256,75,10000.0,
26,24.05270218060409,-18.637102188409287,0.44316649887763354,18.637102188409287,10,gs_split-cub,SI,2020-11-16-07-42-0,gs_split-cub,SI,0.001,256,256,75,100.0,
1,23.831409489168642,-19.19017747706335,0.4241079892530862,19.19017747706335,10,gs_split-cub,SI,2020-11-16-07-42-0,gs_split-cub,SI,0.001,256,256,75,0.1,
11,23.762075097510753,-19.228855938708147,0.4051540849839143,19.228855938708147,10,gs_split-cub,SI,2020-11-16-07-42-0,gs_split-cub,SI,0.001,256,256,75,10.0,
55,23.726832160262074,-19.23016027020214,0.42353556051877966,19.23016027020214,10,gs_split-cub,SI,2020-11-16-07-42-0,gs_split-cub,SI,0.001,256,256,75,1.0,
48,13.508900403647848,-0.4377859614560753,-0.3938772524440252,0.6875743665694318,10,gs_split-cub,SI,2020-11-16-07-42-0,gs_split-cub,SI,0.001,256,256,75,100000.0,
49,5.128223775430138,-8.36668572517629,-0.6886153144466011,9.337028041202922,10,gs_split-cub,SI,2020-11-16-07-42-0,gs_split-cub,SI,0.01,10,256,75,100000.0,
50,5.128223775430138,-0.5526967791118734,-0.5950874431409521,1.638746577214924,10,gs_split-cub,SI,2020-11-16-07-42-0,gs_split-cub,SI,0.1,10,256,75,10000.0,
51,5.128223775430138,-8.59538784067086,-1.0627267996691974,9.264263689603592,10,gs_split-cub,SI,2020-11-16-07-42-0,gs_split-cub,SI,0.01,256,256,75,100000.0,
47,5.128223775430138,-8.423861254049932,-1.0253156511469377,9.018279814301358,10,gs_split-cub,SI,2020-11-16-07-42-0,gs_split-cub,SI,0.01,64,256,75,100000.0,
46,5.128223775430138,-8.423861254049932,-1.0253156511469377,9.018279814301358,10,gs_split-cub,SI,2020-11-16-07-42-0,gs_split-cub,SI,0.01,64,256,75,10000.0,
56,5.128223775430138,-8.08080808080808,-1.100137948191457,9.078220308301876,10,gs_split-cub,SI,2020-11-16-07-42-0,gs_split-cub,SI,0.1,64,256,75,10000.0,
52,5.128223775430138,-8.59538784067086,-1.0627267996691974,9.264263689603592,10,gs_split-cub,SI,2020-11-16-07-42-0,gs_split-cub,SI,0.01,256,256,75,10000.0,
53,5.128223775430138,-8.08080808080808,-1.100137948191457,9.078220308301876,10,gs_split-cub,SI,2020-11-16-07-42-0,gs_split-cub,SI,0.1,64,256,75,100000.0,
54,5.128223775430138,-8.36668572517629,-0.6886153144466011,9.337028041202922,10,gs_split-cub,SI,2020-11-16-07-42-0,gs_split-cub,SI,0.01,10,256,75,10000.0,
44,5.128223775430138,-0.5526967791118734,-0.5950874431409521,1.638746577214924,10,gs_split-cub,SI,2020-11-16-07-42-0,gs_split-cub,SI,0.1,10,256,75,1000.0,
57,5.128223775430138,-8.290451686678104,-0.6886153144466011,9.285165681804024,10,gs_split-cub,SI,2020-11-16-07-42-0,gs_split-cub,SI,0.1,256,256,75,100000.0,
58,5.128223775430138,-8.557270821421765,-1.0440212254080674,9.037738853024846,10,gs_split-cub,SI,2020-11-16-07-42-0,gs_split-cub,SI,0.001,10,256,75,10000.0,
59,5.128223775430138,-7.87116447493806,-1.0253156511469377,8.58356566396567,10,gs_split-cub,SI,2020-11-16-07-42-0,gs_split-cub,SI,0.001,64,256,75,100000.0,
60,5.128223775430138,-8.557270821421765,-1.0440212254080674,9.037738853024846,10,gs_split-cub,SI,2020-11-16-07-42-0,gs_split-cub,SI,0.001,10,256,75,100000.0,
61,5.128223775430138,-8.290451686678104,-0.6886153144466011,9.285165681804024,10,gs_split-cub,SI,2020-11-16-07-42-0,gs_split-cub,SI,0.1,256,256,75,10000.0,
45,5.128223775430138,-45.828077064067934,-1.057258376468705,46.39993422437397,10,gs_split-cub,SI,2020-11-16-07-42-0,gs_split-cub,SI,0.01,256,256,75,1000.0,
31,5.128223775430138,-8.08080808080808,-1.100137948191457,9.078220308301876,10,gs_split-cub,SI,2020-11-16-07-42-0,gs_split-cub,SI,0.1,64,256,75,100.0,
43,5.128223775430138,-8.08080808080808,-1.100137948191457,9.078220308301876,10,gs_split-cub,SI,2020-11-16-07-42-0,gs_split-cub,SI,0.1,64,256,75,10.0,
42,5.128223775430138,-8.36668572517629,-0.6886153144466011,9.337028041202922,10,gs_split-cub,SI,2020-11-16-07-42-0,gs_split-cub,SI,0.01,10,256,75,1000.0,
5,5.128223775430138,-0.6649302246786523,-0.6704170099959427,1.6766684581402176,10,gs_split-cub,SI,2020-11-16-07-42-0,gs_split-cub,SI,0.1,10,256,75,0.1,
13,5.128223775430138,-0.5526967791118734,-0.5950874431409521,1.638746577214924,10,gs_split-cub,SI,2020-11-16-07-42-0,gs_split-cub,SI,0.1,10,256,75,1.0,
14,5.128223775430138,-29.517693683148284,-0.9215134740934678,30.92274563453859,10,gs_split-cub,SI,2020-11-16-07-42-0,gs_split-cub,SI,0.1,64,256,75,1.0,
17,5.128223775430138,-15.568331815711272,-0.8581068398703298,16.259120487274057,10,gs_split-cub,SI,2020-11-16-07-42-0,gs_split-cub,SI,0.01,10,256,75,10.0,
20,5.128223775430138,-0.5526967791118734,-0.5950874431409521,1.638746577214924,10,gs_split-cub,SI,2020-11-16-07-42-0,gs_split-cub,SI,0.1,10,256,75,10.0,
22,5.128223775430138,-53.99090131163148,-0.5023923899698999,55.07076490853881,10,gs_split-cub,SI,2020-11-16-07-42-0,gs_split-cub,SI,0.1,256,256,75,10.0,
25,5.128223775430138,-53.94904901199742,-1.2425695412736353,54.90542512196204,10,gs_split-cub,SI,2020-11-16-07-42-0,gs_split-cub,SI,0.01,64,256,75,100.0,
27,5.128223775430138,-8.36668572517629,-0.6886153144466011,9.337028041202922,10,gs_split-cub,SI,2020-11-16-07-42-0,gs_split-cub,SI,0.01,10,256,75,100.0,
28,5.128223775430138,-0.5526967791118734,-0.5950874431409521,1.638746577214924,10,gs_split-cub,SI,2020-11-16-07-42-0,gs_split-cub,SI,0.1,10,256,75,100.0,
33,5.128223775430138,-8.290451686678104,-0.6886153144466011,9.285165681804024,10,gs_split-cub,SI,2020-11-16-07-42-0,gs_split-cub,SI,0.1,256,256,75,100.0,
35,5.128223775430138,-22.520633259360473,-0.92225381698923,23.154112678265438,10,gs_split-cub,SI,2020-11-16-07-42-0,gs_split-cub,SI,0.001,10,256,75,1000.0,
36,5.128223775430138,-8.08080808080808,-1.100137948191457,9.078220308301876,10,gs_split-cub,SI,2020-11-16-07-42-0,gs_split-cub,SI,0.1,64,256,75,1000.0,
37,5.128223775430138,-8.423861254049932,-1.0253156511469377,9.018279814301358,10,gs_split-cub,SI,2020-11-16-07-42-0,gs_split-cub,SI,0.01,64,256,75,1000.0,
38,5.128223775430138,-8.290451686678104,-0.6886153144466011,9.285165681804024,10,gs_split-cub,SI,2020-11-16-07-42-0,gs_split-cub,SI,0.1,256,256,75,1000.0,
39,5.128223775430138,-31.875580246005825,-0.9487546040396507,32.56506013338349,10,gs_split-cub,SI,2020-11-16-07-42-0,gs_split-cub,SI,0.001,64,256,75,10000.0,
62,5.128223775430138,-0.5526967791118734,-0.5950874431409521,1.638746577214924,10,gs_split-cub,SI,2020-11-16-07-42-0,gs_split-cub,SI,0.1,10,256,75,100000.0,
14,76.22950684626707,-1.9411829928990665,-0.5576918488144146,2.671340690527815,10,gs_split-cub,MAS,2020-11-16-07-42-0,gs_split-cub,MAS,0.01,64,256,75,1.0,
9,76.11227501758742,-4.391974976200148,-0.0718958050696688,4.470917151057064,10,gs_split-cub,MAS,2020-11-16-07-42-0,gs_split-cub,MAS,0.001,10,256,75,1.0,
30,75.91046720604075,-0.6762665888770161,-0.34012614776748723,1.0056599305813971,10,gs_split-cub,MAS,2020-11-16-07-42-0,gs_split-cub,MAS,0.001,10,256,75,10.0,
1,75.21784449213033,-4.531803519944246,-0.42803101363547247,4.762085615511315,10,gs_split-cub,MAS,2020-11-16-07-42-0,gs_split-cub,MAS,0.01,10,256,75,0.1,
20,74.41769340442156,-0.2170878022984605,-0.346458823494808,1.031494273960836,10,gs_split-cub,MAS,2020-11-16-07-42-0,gs_split-cub,MAS,0.01,64,256,75,10.0,
4,73.85265188164789,-6.551035839634977,-0.746747438786405,6.590506927063434,10,gs_split-cub,MAS,2020-11-16-07-42-0,gs_split-cub,MAS,0.01,64,256,75,0.1,
18,73.5934687578003,-2.28970501915167,-0.9359769235486574,2.481606765457561,10,gs_split-cub,MAS,2020-11-16-07-42-0,gs_split-cub,MAS,0.01,256,256,75,10.0,
0,73.27687155587839,-8.043911829332506,-0.4601817671269834,8.182060635332112,10,gs_split-cub,MAS,2020-11-16-07-42-0,gs_split-cub,MAS,0.001,10,256,75,0.1,
27,73.17251479044896,-5.152696214416086,-0.6125357919254003,5.26760802803168,10,gs_split-cub,MAS,2020-11-16-07-42-0,gs_split-cub,MAS,0.01,256,256,75,1.0,
17,73.11428393183299,-2.628077086222204,-0.5503059447368857,2.83773787549132,10,gs_split-cub,MAS,2020-11-16-07-42-0,gs_split-cub,MAS,0.01,10,256,75,1.0,
25,72.63412867170662,0.32351084350748416,-1.0955979590125708,0.19063484564095903,10,gs_split-cub,MAS,2020-11-16-07-42-0,gs_split-cub,MAS,0.001,10,256,75,100.0,
8,72.25523021070134,-7.354457325216095,0.20768224700669372,7.354457325216095,10,gs_split-cub,MAS,2020-11-16-07-42-0,gs_split-cub,MAS,0.1,256,256,75,0.1,
12,71.89012339962581,-2.0354379857222074,-0.479876904289366,3.555124952659078,10,gs_split-cub,MAS,2020-11-16-07-42-0,gs_split-cub,MAS,0.1,256,256,75,1.0,
5,68.981244758712,-10.794826561752217,-0.8271526002215388,10.794826561752217,10,gs_split-cub,MAS,2020-11-16-07-42-0,gs_split-cub,MAS,0.01,256,256,75,0.1,
6,68.6233064209969,-7.915346112952747,-0.4657070724942289,8.048072696191277,10,gs_split-cub,MAS,2020-11-16-07-42-0,gs_split-cub,MAS,0.1,64,256,75,0.1,
29,62.304853140969655,-11.119318599157177,-0.9267916810187002,11.119318599157177,10,gs_split-cub,MAS,2020-11-16-07-42-0,gs_split-cub,MAS,0.001,64,256,75,10.0,
23,60.326883855178096,-5.332751436776646,-0.9395136660220591,5.449236805024672,10,gs_split-cub,MAS,2020-11-16-07-42-0,gs_split-cub,MAS,0.001,64,256,75,100.0,
10,58.206000151995354,-17.909111501101073,-0.44430491565439634,17.909111501101073,10,gs_split-cub,MAS,2020-11-16-07-42-0,gs_split-cub,MAS,0.001,64,256,75,1.0,
3,56.30301492211963,-20.220171282490373,-0.426600474209213,20.220171282490373,10,gs_split-cub,MAS,2020-11-16-07-42-0,gs_split-cub,MAS,0.001,64,256,75,0.1,
36,45.59644618652269,-2.8953904767095926,-0.8245543988569826,3.447918736445329,10,gs_split-cub,MAS,2020-11-16-07-42-0,gs_split-cub,MAS,0.001,64,256,75,1000.0,
22,24.741383408072746,-16.154532666402186,0.351066727925142,16.154532666402186,10,gs_split-cub,MAS,2020-11-16-07-42-0,gs_split-cub,MAS,0.001,256,256,75,100.0,
39,24.421525221962664,-6.150796321941759,-0.21041105170802343,6.78539099951168,10,gs_split-cub,MAS,2020-11-16-07-42-0,gs_split-cub,MAS,0.001,256,256,75,1000.0,
2,23.937142025036962,-18.729328591258376,0.4293030071822862,18.729328591258376,10,gs_split-cub,MAS,2020-11-16-07-42-0,gs_split-cub,MAS,0.001,256,256,75,0.1,
16,23.847683140154764,-18.7297887021497,0.332497666223478,18.7297887021497,10,gs_split-cub,MAS,2020-11-16-07-42-0,gs_split-cub,MAS,0.001,256,256,75,10.0,
11,23.799852362349064,-18.901777785411625,0.37142338456829643,18.901777785411625,10,gs_split-cub,MAS,2020-11-16-07-42-0,gs_split-cub,MAS,0.001,256,256,75,1.0,
45,14.484698062818723,-0.3827485684863665,-0.4742865697303141,0.4587047823510968,10,gs_split-cub,MAS,2020-11-16-07-42-0,gs_split-cub,MAS,0.001,256,256,75,10000.0,
26,9.858206110026286,1.9063751446975534,-1.1309235475471353,-0.9165638812811486,10,gs_split-cub,MAS,2020-11-16-07-42-0,gs_split-cub,MAS,0.1,10,256,75,1.0,
52,5.128223775430138,-8.557270821421765,-1.0440212254080674,9.037738853024846,10,gs_split-cub,MAS,2020-11-16-07-42-0,gs_split-cub,MAS,0.001,10,256,75,100000.0,
46,5.128223775430138,-8.08080808080808,-1.100137948191457,9.078220308301876,10,gs_split-cub,MAS,2020-11-16-07-42-0,gs_split-cub,MAS,0.1,64,256,75,100.0,
47,5.128223775430138,-0.5526967791118734,-0.5950874431409521,1.638746577214924,10,gs_split-cub,MAS,2020-11-16-07-42-0,gs_split-cub,MAS,0.1,10,256,75,10000.0,
48,5.128223775430138,-7.87116447493806,-1.0253156511469377,8.58356566396567,10,gs_split-cub,MAS,2020-11-16-07-42-0,gs_split-cub,MAS,0.001,64,256,75,100000.0,
49,5.128223775430138,-8.290451686678104,-0.6886153144466011,9.285165681804024,10,gs_split-cub,MAS,2020-11-16-07-42-0,gs_split-cub,MAS,0.1,256,256,75,10000.0,
50,5.128223775430138,-8.08080808080808,-1.100137948191457,9.078220308301876,10,gs_split-cub,MAS,2020-11-16-07-42-0,gs_split-cub,MAS,0.1,64,256,75,10000.0,
51,5.128223775430138,-8.290451686678104,-0.6886153144466011,9.285165681804024,10,gs_split-cub,MAS,2020-11-16-07-42-0,gs_split-cub,MAS,0.1,256,256,75,100000.0,
57,5.128223775430138,-8.423861254049932,-1.0253156511469377,9.018279814301358,10,gs_split-cub,MAS,2020-11-16-07-42-0,gs_split-cub,MAS,0.01,64,256,75,100000.0,
53,5.128223775430138,-8.08080808080808,-1.100137948191457,9.078220308301876,10,gs_split-cub,MAS,2020-11-16-07-42-0,gs_split-cub,MAS,0.1,64,256,75,100000.0,
44,5.128223775430138,-8.423861254049932,-1.0253156511469377,9.018279814301358,10,gs_split-cub,MAS,2020-11-16-07-42-0,gs_split-cub,MAS,0.01,64,256,75,10000.0,
61,5.128223775430138,-8.59538784067086,-1.0627267996691974,9.264263689603592,10,gs_split-cub,MAS,2020-11-16-07-42-0,gs_split-cub,MAS,0.01,256,256,75,100000.0,
60,5.128223775430138,-8.36668572517629,-0.6886153144466011,9.337028041202922,10,gs_split-cub,MAS,2020-11-16-07-42-0,gs_split-cub,MAS,0.01,10,256,75,1000.0,
55,5.128223775430138,-4.154755098151324,-1.0253156511469377,4.770329725575064,10,gs_split-cub,MAS,2020-11-16-07-42-0,gs_split-cub,MAS,0.001,256,256,75,100000.0,
59,5.128223775430138,-8.59538784067086,-1.0627267996691974,9.264263689603592,10,gs_split-cub,MAS,2020-11-16-07-42-0,gs_split-cub,MAS,0.01,256,256,75,10000.0,
56,5.128223775430138,-0.5526967791118734,-0.5950874431409521,1.638746577214924,10,gs_split-cub,MAS,2020-11-16-07-42-0,gs_split-cub,MAS,0.1,10,256,75,100000.0,
58,5.128223775430138,-8.59538784067086,-1.0627267996691974,9.264263689603592,10,gs_split-cub,MAS,2020-11-16-07-42-0,gs_split-cub,MAS,0.01,256,256,75,1000.0,
54,5.128223775430138,-8.36668572517629,-0.6886153144466011,9.337028041202922,10,gs_split-cub,MAS,2020-11-16-07-42-0,gs_split-cub,MAS,0.01,10,256,75,100000.0,
31,5.128223775430138,-8.423861254049932,-1.0253156511469377,9.018279814301358,10,gs_split-cub,MAS,2020-11-16-07-42-0,gs_split-cub,MAS,0.01,64,256,75,100.0,
43,5.128223775430138,-8.36668572517629,-0.6886153144466011,9.337028041202922,10,gs_split-cub,MAS,2020-11-16-07-42-0,gs_split-cub,MAS,0.01,10,256,75,10000.0,
42,5.128223775430138,-8.423861254049932,-1.0253156511469377,9.018279814301358,10,gs_split-cub,MAS,2020-11-16-07-42-0,gs_split-cub,MAS,0.01,64,256,75,1000.0,
13,5.128223775430138,-44.40815346564967,-1.1602896487472891,45.133049906543995,10,gs_split-cub,MAS,2020-11-16-07-42-0,gs_split-cub,MAS,0.01,10,256,75,10.0,
15,5.128223775430138,-22.396913263203277,-1.2865819242997152,23.95760036179583,10,gs_split-cub,MAS,2020-11-16-07-42-0,gs_split-cub,MAS,0.1,64,256,75,1.0,
19,5.128223775430138,-8.08080808080808,-1.100137948191457,9.078220308301876,10,gs_split-cub,MAS,2020-11-16-07-42-0,gs_split-cub,MAS,0.1,64,256,75,10.0,
21,5.128223775430138,-1.753265598868416,-1.117530306516427,3.112104590520259,10,gs_split-cub,MAS,2020-11-16-07-42-0,gs_split-cub,MAS,0.1,10,256,75,10.0,
24,5.128223775430138,-8.290451686678104,-0.6886153144466011,9.285165681804024,10,gs_split-cub,MAS,2020-11-16-07-42-0,gs_split-cub,MAS,0.1,256,256,75,10.0,
28,5.128223775430138,-8.36668572517629,-0.6886153144466011,9.337028041202922,10,gs_split-cub,MAS,2020-11-16-07-42-0,gs_split-cub,MAS,0.01,10,256,75,100.0,
32,5.128223775430138,-10.0872466987983,-0.9240069405658302,11.400175666253581,10,gs_split-cub,MAS,2020-11-16-07-42-0,gs_split-cub,MAS,0.01,256,256,75,100.0,
33,5.128223775430138,-0.5526967791118734,-0.5950874431409521,1.638746577214924,10,gs_split-cub,MAS,2020-11-16-07-42-0,gs_split-cub,MAS,0.1,10,256,75,100.0,
34,5.128223775430138,-8.290451686678104,-0.6886153144466011,9.285165681804024,10,gs_split-cub,MAS,2020-11-16-07-42-0,gs_split-cub,MAS,0.1,256,256,75,100.0,
35,5.128223775430138,-8.557270821421765,-1.0440212254080674,9.037738853024846,10,gs_split-cub,MAS,2020-11-16-07-42-0,gs_split-cub,MAS,0.001,10,256,75,1000.0,
37,5.128223775430138,-0.5526967791118734,-0.5950874431409521,1.638746577214924,10,gs_split-cub,MAS,2020-11-16-07-42-0,gs_split-cub,MAS,0.1,10,256,75,1000.0,
38,5.128223775430138,-8.557270821421765,-1.0440212254080674,9.037738853024846,10,gs_split-cub,MAS,2020-11-16-07-42-0,gs_split-cub,MAS,0.001,10,256,75,10000.0,
40,5.128223775430138,-8.08080808080808,-1.100137948191457,9.078220308301876,10,gs_split-cub,MAS,2020-11-16-07-42-0,gs_split-cub,MAS,0.1,64,256,75,1000.0,
41,5.128223775430138,-7.87116447493806,-1.0253156511469377,8.58356566396567,10,gs_split-cub,MAS,2020-11-16-07-42-0,gs_split-cub,MAS,0.001,64,256,75,10000.0,
62,5.128223775430138,-8.290451686678104,-0.6886153144466011,9.285165681804024,10,gs_split-cub,MAS,2020-11-16-07-42-0,gs_split-cub,MAS,0.1,256,256,75,1000.0,
7,4.986904477924442,-0.964572348220147,-0.8405559095650718,2.266841892073158,10,gs_split-cub,MAS,2020-11-16-07-42-0,gs_split-cub,MAS,0.1,10,256,75,0.1,
38,76.16574213797311,-2.00365797122271,-0.7680574650649441,2.0228481458532994,10,gs_split-cub,EWC,2020-11-16-07-42-0,gs_split-cub,EWC,0.01,64,256,75,1000.0,
33,75.59607992325138,-3.3872571791238784,-0.34244270511199587,3.3872571791238784,10,gs_split-cub,EWC,2020-11-16-07-42-0,gs_split-cub,EWC,0.001,10,256,75,1000.0,
26,73.18684360380345,-8.606036868165429,-0.6294712327083776,8.606036868165429,10,gs_split-cub,EWC,2020-11-16-07-42-0,gs_split-cub,EWC,0.001,10,256,75,100.0,
29,73.1028486687652,-7.960620320111547,-0.8846473154094611,7.960620320111547,10,gs_split-cub,EWC,2020-11-16-07-42-0,gs_split-cub,EWC,0.01,64,256,75,100.0,
49,71.45185120613098,-9.200897091739833,-0.3527127241160326,9.239277441001011,10,gs_split-cub,EWC,2020-11-16-07-42-0,gs_split-cub,EWC,0.01,10,256,75,10000.0,
18,71.3699434742398,-10.492935315016354,-0.5547332918787524,10.492935315016354,10,gs_split-cub,EWC,2020-11-16-07-42-0,gs_split-cub,EWC,0.001,10,256,75,10.0,
21,71.15140608923392,-10.15452260468719,-0.8238111092769014,10.15452260468719,10,gs_split-cub,EWC,2020-11-16-07-42-0,gs_split-cub,EWC,0.01,64,256,75,10.0,
30,71.0099783857406,-8.591259715429404,-0.7900478799883631,8.591259715429404,10,gs_split-cub,EWC,2020-11-16-07-42-0,gs_split-cub,EWC,0.01,256,256,75,100.0,
7,70.89835882031346,-11.03768550828702,-0.6705786404469165,11.03768550828702,10,gs_split-cub,EWC,2020-11-16-07-42-0,gs_split-cub,EWC,0.001,10,256,75,0.1,
14,70.83365376547546,-10.273822534679022,-0.7456182791091029,10.273822534679022,10,gs_split-cub,EWC,2020-11-16-07-42-0,gs_split-cub,EWC,0.01,64,256,75,1.0,
1,70.7589097485672,-11.073136875195782,-0.6111039426189024,11.073136875195782,10,gs_split-cub,EWC,2020-11-16-07-42-0,gs_split-cub,EWC,0.001,10,256,75,1.0,
0,70.47080561828668,-10.941941459551726,-0.7861218777522336,10.941941459551726,10,gs_split-cub,EWC,2020-11-16-07-42-0,gs_split-cub,EWC,0.01,64,256,75,0.1,
22,68.6563847842945,-11.383243481658734,-0.651325923530003,11.383243481658734,10,gs_split-cub,EWC,2020-11-16-07-42-0,gs_split-cub,EWC,0.01,256,256,75,10.0,
34,68.35154848599444,-12.926409685117253,0.348422699659753,12.926409685117253,10,gs_split-cub,EWC,2020-11-16-07-42-0,gs_split-cub,EWC,0.1,256,256,75,100.0,
41,68.00872688219974,-12.952727476176067,-0.08884952899022765,12.952727476176067,10,gs_split-cub,EWC,2020-11-16-07-42-0,gs_split-cub,EWC,0.01,10,256,75,1000.0,
8,67.88052850036688,-12.13172622965289,-0.7684424531952095,12.13172622965289,10,gs_split-cub,EWC,2020-11-16-07-42-0,gs_split-cub,EWC,0.01,256,256,75,0.1,
12,67.86238767994888,-12.285216052733524,-0.6525515429611877,12.285216052733524,10,gs_split-cub,EWC,2020-11-16-07-42-0,gs_split-cub,EWC,0.01,256,256,75,1.0,
4,67.77990517369835,-12.53006397534881,0.17933443869463833,12.53006397534881,10,gs_split-cub,EWC,2020-11-16-07-42-0,gs_split-cub,EWC,0.1,256,256,75,0.1,
36,67.04103022531902,-14.048429497971489,0.142843984084654,14.048429497971489,10,gs_split-cub,EWC,2020-11-16-07-42-0,gs_split-cub,EWC,0.1,256,256,75,1.0,
28,66.79558075715661,-14.895431062966667,-1.167692013608935,14.895431062966667,10,gs_split-cub,EWC,2020-11-16-07-42-0,gs_split-cub,EWC,0.01,10,256,75,100.0,
13,66.71770728936183,-14.452291379242237,-0.8115976445287431,14.452291379242237,10,gs_split-cub,EWC,2020-11-16-07-42-0,gs_split-cub,EWC,0.01,10,256,75,1.0,
6,66.57037583037314,-14.451636813566292,-0.9549289777952072,14.451636813566292,10,gs_split-cub,EWC,2020-11-16-07-42-0,gs_split-cub,EWC,0.01,10,256,75,0.1,
24,66.44946430900123,-13.926002035157047,0.2580066797031195,13.926002035157047,10,gs_split-cub,EWC,2020-11-16-07-42-0,gs_split-cub,EWC,0.1,256,256,75,10.0,
37,64.70032163565983,-16.885040140815516,-1.0919600205605375,16.885040140815516,10,gs_split-cub,EWC,2020-11-16-07-42-0,gs_split-cub,EWC,0.01,10,256,75,10.0,
23,57.31570174011606,-17.04245707399069,-0.825969093766648,17.04245707399069,10,gs_split-cub,EWC,2020-11-16-07-42-0,gs_split-cub,EWC,0.001,64,256,75,100.0,
25,56.6221463303386,-23.129648350440895,-0.9099165215111878,23.129648350440895,10,gs_split-cub,EWC,2020-11-16-07-42-0,gs_split-cub,EWC,0.1,64,256,75,10.0,
19,56.358925953246555,-20.28840488748394,-0.8833736335486286,20.28840488748394,10,gs_split-cub,EWC,2020-11-16-07-42-0,gs_split-cub,EWC,0.001,64,256,75,10.0,
3,56.19177096864733,-20.380417113751687,-0.5421034256185848,20.380417113751687,10,gs_split-cub,EWC,2020-11-16-07-42-0,gs_split-cub,EWC,0.001,64,256,75,1.0,
5,56.12810240685771,-20.490980474693718,-0.4843554680106366,20.490980474693718,10,gs_split-cub,EWC,2020-11-16-07-42-0,gs_split-cub,EWC,0.001,64,256,75,0.1,
2,51.79419434841333,-29.083864737115885,0.40415063031621035,29.083864737115885,10,gs_split-cub,EWC,2020-11-16-07-42-0,gs_split-cub,EWC,0.1,64,256,75,0.1,
15,51.39475742862012,-28.494732966902582,0.008286846038054692,28.494732966902582,10,gs_split-cub,EWC,2020-11-16-07-42-0,gs_split-cub,EWC,0.1,64,256,75,1.0,
11,23.748433896719522,-19.01433651094019,0.11751241785623111,19.01433651094019,10,gs_split-cub,EWC,2020-11-16-07-42-0,gs_split-cub,EWC,0.001,256,256,75,10.0,
10,23.74557561515018,-18.98046987409128,0.4495839199801558,18.98046987409128,10,gs_split-cub,EWC,2020-11-16-07-42-0,gs_split-cub,EWC,0.001,256,256,75,0.1,
16,23.654895487363344,-19.21440802188638,0.4476915189106272,19.21440802188638,10,gs_split-cub,EWC,2020-11-16-07-42-0,gs_split-cub,EWC,0.001,256,256,75,1.0,
27,22.035725486437173,-15.149012433057639,-0.4253068183632364,15.149012433057639,10,gs_split-cub,EWC,2020-11-16-07-42-0,gs_split-cub,EWC,0.001,256,256,75,100.0,
50,5.128223775430138,-0.5526967791118734,-0.5950874431409521,1.638746577214924,10,gs_split-cub,EWC,2020-11-16-07-42-0,gs_split-cub,EWC,0.1,10,256,75,10000.0,
51,5.128223775430138,-68.75541326812878,-0.9797524064813258,68.81298932610135,10,gs_split-cub,EWC,2020-11-16-07-42-0,gs_split-cub,EWC,0.001,10,256,75,10000.0,
52,5.128223775430138,-8.08080808080808,-1.100137948191457,9.078220308301876,10,gs_split-cub,EWC,2020-11-16-07-42-0,gs_split-cub,EWC,0.1,64,256,75,10000.0,
53,5.128223775430138,-16.207850694223865,-1.3265071011142824,16.86045123232195,10,gs_split-cub,EWC,2020-11-16-07-42-0,gs_split-cub,EWC,0.001,10,256,75,100000.0,
54,5.128223775430138,-8.290451686678104,-0.6886153144466011,9.285165681804024,10,gs_split-cub,EWC,2020-11-16-07-42-0,gs_split-cub,EWC,0.1,256,256,75,10000.0,
59,5.128223775430138,-8.08080808080808,-1.100137948191457,9.078220308301876,10,gs_split-cub,EWC,2020-11-16-07-42-0,gs_split-cub,EWC,0.1,64,256,75,100000.0,
55,5.128223775430138,-7.87116447493806,-1.0253156511469377,8.58356566396567,10,gs_split-cub,EWC,2020-11-16-07-42-0,gs_split-cub,EWC,0.001,64,256,75,100000.0,
56,5.128223775430138,-4.154755098151324,-1.0253156511469377,4.770329725575064,10,gs_split-cub,EWC,2020-11-16-07-42-0,gs_split-cub,EWC,0.001,256,256,75,100000.0,
61,5.128223775430138,-8.59538784067086,-1.0627267996691974,9.264263689603592,10,gs_split-cub,EWC,2020-11-16-07-42-0,gs_split-cub,EWC,0.01,256,256,75,100000.0,
48,5.128223775430138,-7.87116447493806,-1.0253156511469377,8.58356566396567,10,gs_split-cub,EWC,2020-11-16-07-42-0,gs_split-cub,EWC,0.001,64,256,75,10000.0,
58,5.128223775430138,-0.5526967791118734,-0.5950874431409521,1.638746577214924,10,gs_split-cub,EWC,2020-11-16-07-42-0,gs_split-cub,EWC,0.1,10,256,75,100000.0,
60,5.128223775430138,-8.423861254049932,-1.0253156511469377,9.018279814301358,10,gs_split-cub,EWC,2020-11-16-07-42-0,gs_split-cub,EWC,0.01,64,256,75,100000.0,
57,5.128223775430138,-49.29620906768264,-0.6800703768859516,50.048969420295535,10,gs_split-cub,EWC,2020-11-16-07-42-0,gs_split-cub,EWC,0.01,10,256,75,100000.0,
31,5.128223775430138,-0.5526967791118734,-0.5950874431409521,1.638746577214924,10,gs_split-cub,EWC,2020-11-16-07-42-0,gs_split-cub,EWC,0.1,10,256,75,100.0,
47,5.128223775430138,-8.59538784067086,-1.0627267996691974,9.264263689603592,10,gs_split-cub,EWC,2020-11-16-07-42-0,gs_split-cub,EWC,0.01,256,256,75,10000.0,
46,5.128223775430138,-8.08080808080808,-1.100137948191457,9.078220308301876,10,gs_split-cub,EWC,2020-11-16-07-42-0,gs_split-cub,EWC,0.1,64,256,75,1000.0,
45,5.128223775430138,-49.40804952665883,-0.18773510636235224,50.44008852089243,10,gs_split-cub,EWC,2020-11-16-07-42-0,gs_split-cub,EWC,0.1,256,256,75,1000.0,
44,5.128223775430138,-4.154755098151324,-1.0253156511469377,4.770329725575064,10,gs_split-cub,EWC,2020-11-16-07-42-0,gs_split-cub,EWC,0.001,256,256,75,10000.0,
43,5.128223775430138,-8.423861254049932,-1.0253156511469377,9.018279814301358,10,gs_split-cub,EWC,2020-11-16-07-42-0,gs_split-cub,EWC,0.01,64,256,75,10000.0,
42,5.128223775430138,-25.021957200897514,-1.3425219268253659,26.102569329642282,10,gs_split-cub,EWC,2020-11-16-07-42-0,gs_split-cub,EWC,0.01,256,256,75,1000.0,
40,5.128223775430138,-0.5526967791118734,-0.5950874431409521,1.638746577214924,10,gs_split-cub,EWC,2020-11-16-07-42-0,gs_split-cub,EWC,0.1,10,256,75,1000.0,
39,5.128223775430138,-11.738478297983969,-0.910899828171118,12.76092241023101,10,gs_split-cub,EWC,2020-11-16-07-42-0,gs_split-cub,EWC,0.001,256,256,75,1000.0,
35,5.128223775430138,-55.357687350991775,-0.9046648586125089,55.357687350991775,10,gs_split-cub,EWC,2020-11-16-07-42-0,gs_split-cub,EWC,0.001,64,256,75,1000.0,
32,5.128223775430138,-56.00913564972379,-0.3217175587800458,56.665249386034574,10,gs_split-cub,EWC,2020-11-16-07-42-0,gs_split-cub,EWC,0.1,64,256,75,100.0,
20,5.128223775430138,-0.5526967791118734,-0.5950874431409521,1.638746577214924,10,gs_split-cub,EWC,2020-11-16-07-42-0,gs_split-cub,EWC,0.1,10,256,75,10.0,
17,5.128223775430138,-0.5526967791118734,-0.5950874431409521,1.638746577214924,10,gs_split-cub,EWC,2020-11-16-07-42-0,gs_split-cub,EWC,0.1,10,256,75,1.0,
62,5.128223775430138,-8.290451686678104,-0.6886153144466011,9.285165681804024,10,gs_split-cub,EWC,2020-11-16-07-42-0,gs_split-cub,EWC,0.1,256,256,75,100000.0,
9,4.920652247592699,-1.1142169423091854,-0.8593883012788194,2.1348602885635612,10,gs_split-cub,EWC,2020-11-16-07-42-0,gs_split-cub,EWC,0.1,10,256,75,0.1,
